solid ldraw_53401_exact_end
  facet normal 0.000000 0.000000 1.000000
    outer loop
      vertex 1.60000 30.40000 1.60000
      vertex 6.40000 24.00000 1.60000
      vertex 6.40000 30.40000 1.60000
    endloop
  endfacet
  facet normal 0.000000 -1.000000 0.000000
    outer loop
      vertex 6.40000 24.00000 1.60000
      vertex 4.80000 24.00000 0.00000
      vertex 6.40000 24.00000 0.00000
    endloop
  endfacet
  facet normal 0.000000 0.000000 1.000000
    outer loop
      vertex 4.80000 24.00000 0.00000
      vertex 3.20000 25.60000 0.00000
      vertex 3.20000 24.00000 0.00000
    endloop
  endfacet
  facet normal 0.000000 -1.000000 0.000000
    outer loop
      vertex 4.80000 25.60000 1.60000
      vertex 3.20000 25.60000 0.00000
      vertex 4.80000 25.60000 0.00000
    endloop
  endfacet
  facet normal -1.000000 0.000000 0.000000
    outer loop
      vertex 4.80000 25.60000 0.00000
      vertex 4.80000 24.00000 1.60000
      vertex 4.80000 25.60000 1.60000
    endloop
  endfacet
  facet normal 0.000000 -1.000000 0.000000
    outer loop
      vertex 3.20000 25.60000 0.00000
      vertex 4.80000 25.60000 1.60000
      vertex 3.20000 25.60000 1.60000
    endloop
  endfacet
  facet normal 1.000000 0.000000 0.000000
    outer loop
      vertex 3.20000 24.00000 0.00000
      vertex 3.20000 25.60000 1.60000
      vertex 3.20000 24.00000 1.60000
    endloop
  endfacet
  facet normal 0.000000 -1.000000 0.000000
    outer loop
      vertex 1.60000 24.00000 0.00000
      vertex 3.20000 24.00000 1.60000
      vertex 1.60000 24.00000 1.60000
    endloop
  endfacet
  facet normal 0.000000 0.000000 1.000000
    outer loop
      vertex 1.60000 30.40000 0.00000
      vertex 0.00000 22.80000 0.00000
      vertex 1.60000 24.00000 0.00000
    endloop
  endfacet
  facet normal 0.000000 0.998053 0.062378
    outer loop
      vertex 6.40000 22.60000 3.20000
      vertex 6.40000 22.80000 0.00000
      vertex 0.00000 22.80000 0.00000
    endloop
  endfacet
  facet normal 1.000000 0.000000 0.000000
    outer loop
      vertex 6.40000 22.80000 0.00000
      vertex 6.40000 17.60000 3.20000
      vertex 6.40000 17.40000 0.00000
    endloop
  endfacet
  facet normal 0.000000 -0.998042 0.062544
    outer loop
      vertex 0.00000 17.51280 1.80000
      vertex 6.40000 17.40000 0.00000
      vertex 4.00000 17.51280 1.80000
    endloop
  endfacet
  facet normal 1.000000 0.000000 0.000000
    outer loop
      vertex 4.00000 17.60000 3.20000
      vertex 4.00000 16.60000 3.20000
      vertex 4.00000 17.51280 1.80000
    endloop
  endfacet
  facet normal 0.000000 0.000000 -1.000000
    outer loop
      vertex 8.00000 16.00000 3.20000
      vertex 4.00000 16.60000 3.20000
      vertex 8.00000 16.60000 3.20000
    endloop
  endfacet
  facet normal -1.000000 0.000000 0.000000
    outer loop
      vertex 8.00000 17.00000 3.20000
      vertex 8.00000 16.60000 3.20000
      vertex 8.00000 17.00000 3.60000
    endloop
  endfacet
  facet normal 0.000000 1.000000 0.000000
    outer loop
      vertex 8.00000 17.00000 4.00000
      vertex 8.00000 17.00000 3.60000
      vertex 4.00000 17.00000 3.60000
    endloop
  endfacet
  facet normal 0.000000 1.000000 0.000000
    outer loop
      vertex 4.00000 17.00000 3.60000
      vertex 4.00000 17.00000 4.00000
      vertex 8.00000 17.00000 4.00000
    endloop
  endfacet
  facet normal 1.000000 0.000000 0.000000
    outer loop
      vertex 4.00000 17.00000 4.00000
      vertex 4.00000 20.00000 3.20000
      vertex 4.00000 18.20000 4.60000
    endloop
  endfacet
  facet normal 1.000000 0.000000 0.000000
    outer loop
      vertex 4.00000 18.76000 9.60000
      vertex 4.00000 20.00000 3.20000
      vertex 4.00000 20.00000 9.60000
    endloop
  endfacet
  facet normal 0.000000 0.000000 -1.000000
    outer loop
      vertex 8.00000 18.76000 9.60000
      vertex 4.00000 20.00000 9.60000
      vertex 8.00000 21.24000 9.60000
    endloop
  endfacet
  facet normal 0.000000 0.000000 -1.000000
    outer loop
      vertex 8.00000 21.24000 9.60000
      vertex -2.60000 20.00000 9.60000
      vertex -2.60000 21.24000 9.60000
    endloop
  endfacet
  facet normal 0.195722 0.980659 0.000000
    outer loop
      vertex -2.60000 20.00000 8.60000
      vertex -2.98280 20.07640 9.52400
      vertex -2.60000 20.00000 9.60000
    endloop
  endfacet
  facet normal 0.555646 0.000000 -0.831419
    outer loop
      vertex -3.30720 20.14160 9.30720
      vertex -2.98280 21.24000 9.52400
      vertex -2.98280 20.07640 9.52400
    endloop
  endfacet
  facet normal 0.831419 0.000000 -0.555646
    outer loop
      vertex -3.52400 20.18480 8.98280
      vertex -3.30720 21.24000 9.30720
      vertex -3.30720 20.14160 9.30720
    endloop
  endfacet
  facet normal 0.980856 0.000000 -0.194736
    outer loop
      vertex -3.60000 20.20000 8.60000
      vertex -3.52400 21.24000 8.98280
      vertex -3.52400 20.18480 8.98280
    endloop
  endfacet
  facet normal 0.980856 0.000000 -0.194736
    outer loop
      vertex -3.52400 21.24000 8.98280
      vertex -3.60000 20.20000 8.60000
      vertex -3.60000 21.24000 8.60000
    endloop
  endfacet
  facet normal 0.000000 -1.000000 0.000000
    outer loop
      vertex -2.60000 21.24000 8.60000
      vertex -3.59140 21.24000 8.73050
      vertex -3.60000 21.24000 8.60000
    endloop
  endfacet
  facet normal 0.000000 -1.000000 0.000000
    outer loop
      vertex -2.60000 21.24000 8.60000
      vertex -3.56590 21.24000 8.85880
      vertex -3.59140 21.24000 8.73050
    endloop
  endfacet
  facet normal 0.000000 -1.000000 0.000000
    outer loop
      vertex -2.60000 21.24000 8.60000
      vertex -3.52390 21.24000 8.98270
      vertex -3.56590 21.24000 8.85880
    endloop
  endfacet
  facet normal 0.000000 -1.000000 0.000000
    outer loop
      vertex -2.60000 21.24000 8.60000
      vertex -3.46600 21.24000 9.10000
      vertex -3.52390 21.24000 8.98270
    endloop
  endfacet
  facet normal 0.000000 -1.000000 0.000000
    outer loop
      vertex -2.60000 21.24000 8.60000
      vertex -3.39340 21.24000 9.20880
      vertex -3.46600 21.24000 9.10000
    endloop
  endfacet
  facet normal 0.000000 -1.000000 0.000000
    outer loop
      vertex -2.60000 21.24000 8.60000
      vertex -3.30710 21.24000 9.30710
      vertex -3.39340 21.24000 9.20880
    endloop
  endfacet
  facet normal 0.000000 -1.000000 0.000000
    outer loop
      vertex -2.60000 21.24000 8.60000
      vertex -3.20880 21.24000 9.39340
      vertex -3.30710 21.24000 9.30710
    endloop
  endfacet
  facet normal 0.000000 -1.000000 0.000000
    outer loop
      vertex -2.60000 21.24000 8.60000
      vertex -3.10000 21.24000 9.46600
      vertex -3.20880 21.24000 9.39340
    endloop
  endfacet
  facet normal 0.000000 -1.000000 0.000000
    outer loop
      vertex -2.60000 21.24000 8.60000
      vertex -2.98270 21.24000 9.52390
      vertex -3.10000 21.24000 9.46600
    endloop
  endfacet
  facet normal 0.000000 -1.000000 0.000000
    outer loop
      vertex -2.60000 21.24000 8.60000
      vertex -2.85880 21.24000 9.56590
      vertex -2.98270 21.24000 9.52390
    endloop
  endfacet
  facet normal 0.000000 -1.000000 0.000000
    outer loop
      vertex -2.60000 21.24000 8.60000
      vertex -2.73050 21.24000 9.59140
      vertex -2.85880 21.24000 9.56590
    endloop
  endfacet
  facet normal 0.000000 -1.000000 0.000000
    outer loop
      vertex -3.60000 21.24000 8.60000
      vertex 4.00000 21.24000 7.60000
      vertex -2.60000 21.24000 8.60000
    endloop
  endfacet
  facet normal -1.000000 0.000000 0.000000
    outer loop
      vertex 4.00000 23.00000 4.00000
      vertex 4.00000 21.24000 5.40000
      vertex 4.00000 21.24000 7.60000
    endloop
  endfacet
  facet normal 0.000000 -0.819232 -0.573462
    outer loop
      vertex 8.00000 21.24000 5.40000
      vertex 4.00000 21.24000 5.40000
      vertex 4.00000 21.80000 4.60000
    endloop
  endfacet
  facet normal 0.000000 -0.447214 -0.894427
    outer loop
      vertex 8.00000 23.00000 4.00000
      vertex 8.00000 21.80000 4.60000
      vertex 4.00000 21.80000 4.60000
    endloop
  endfacet
  facet normal 0.000000 -1.000000 0.000000
    outer loop
      vertex 8.00000 23.00000 4.00000
      vertex 0.00000 23.00000 3.60000
      vertex 8.00000 23.00000 3.60000
    endloop
  endfacet
  facet normal 1.000000 0.000000 0.000000
    outer loop
      vertex 0.00000 23.00000 3.60000
      vertex 0.00000 23.00000 3.20000
      vertex 0.00000 23.40000 3.20000
    endloop
  endfacet
  facet normal 0.000000 -1.000000 0.000000
    outer loop
      vertex 0.00000 23.00000 3.20000
      vertex -1.84000 23.00000 4.00000
      vertex -1.84000 23.00000 3.20000
    endloop
  endfacet
  facet normal 0.059689 -0.907988 -0.414724
    outer loop
      vertex -3.60000 21.24000 7.60000
      vertex -2.06970 22.98490 4.00000
      vertex -1.84000 23.00000 4.00000
    endloop
  endfacet
  facet normal 0.195030 -0.980797 0.000000
    outer loop
      vertex -2.06970 22.98490 4.00000
      vertex -2.29550 22.94000 4.00000
      vertex -2.29550 22.94000 3.20000
    endloop
  endfacet
  facet normal 0.320914 -0.947108 0.000000
    outer loop
      vertex -2.29550 22.94000 4.00000
      vertex -2.51360 22.86610 4.00000
      vertex -2.51360 22.86610 3.20000
    endloop
  endfacet
  facet normal 0.442690 -0.896675 0.000000
    outer loop
      vertex -2.51360 22.86610 4.00000
      vertex -2.72000 22.76420 4.00000
      vertex -2.72000 22.76420 3.20000
    endloop
  endfacet
  facet normal 0.555101 -0.831783 0.000000
    outer loop
      vertex -2.72000 22.76420 4.00000
      vertex -2.91150 22.63640 4.00000
      vertex -2.91150 22.63640 3.20000
    endloop
  endfacet
  facet normal 0.659795 -0.751445 0.000000
    outer loop
      vertex -2.91150 22.63640 4.00000
      vertex -3.08450 22.48450 4.00000
      vertex -3.08450 22.48450 3.20000
    endloop
  endfacet
  facet normal 0.751445 -0.659795 0.000000
    outer loop
      vertex -3.08450 22.48450 4.00000
      vertex -3.23640 22.31150 4.00000
      vertex -3.23640 22.31150 3.20000
    endloop
  endfacet
  facet normal 0.831783 -0.555101 0.000000
    outer loop
      vertex -3.23640 22.31150 4.00000
      vertex -3.36420 22.12000 4.00000
      vertex -3.36420 22.12000 3.20000
    endloop
  endfacet
  facet normal 0.896675 -0.442690 0.000000
    outer loop
      vertex -3.36420 22.12000 4.00000
      vertex -3.46610 21.91360 4.00000
      vertex -3.46610 21.91360 3.20000
    endloop
  endfacet
  facet normal 0.947108 -0.320914 0.000000
    outer loop
      vertex -3.46610 21.91360 4.00000
      vertex -3.54000 21.69550 4.00000
      vertex -3.54000 21.69550 3.20000
    endloop
  endfacet
  facet normal 0.980797 -0.195030 0.000000
    outer loop
      vertex -3.54000 21.69550 4.00000
      vertex -3.58490 21.46970 4.00000
      vertex -3.58490 21.46970 3.20000
    endloop
  endfacet
  facet normal 0.997846 -0.065596 0.000000
    outer loop
      vertex -3.58490 21.46970 4.00000
      vertex -3.60000 21.24000 4.00000
      vertex -3.60000 21.24000 3.20000
    endloop
  endfacet
  facet normal 1.000000 0.000000 0.000000
    outer loop
      vertex -3.60000 20.20000 3.20000
      vertex -3.60000 21.24000 3.20000
      vertex -3.60000 21.24000 4.00000
    endloop
  endfacet
  facet normal 0.000000 0.000000 1.000000
    outer loop
      vertex -1.84000 21.24000 3.20000
      vertex -3.60000 20.20000 3.20000
      vertex -2.60000 20.00000 3.20000
    endloop
  endfacet
  facet normal 0.000000 0.000000 1.000000
    outer loop
      vertex -2.60000 20.00000 3.20000
      vertex 0.00000 22.60000 3.20000
      vertex -1.84000 21.24000 3.20000
    endloop
  endfacet
  facet normal 0.000000 0.000000 1.000000
    outer loop
      vertex -3.60000 20.20000 3.20000
      vertex -1.84000 21.24000 3.20000
      vertex -3.60000 21.24000 3.20000
    endloop
  endfacet
  facet normal 0.997846 -0.065596 0.000000
    outer loop
      vertex -3.60000 21.24000 3.20000
      vertex -3.58490 21.46970 3.20000
      vertex -3.58490 21.46970 4.00000
    endloop
  endfacet
  facet normal 0.000000 0.000000 1.000000
    outer loop
      vertex -1.84000 21.24000 3.20000
      vertex -3.58490 21.46970 3.20000
      vertex -3.60000 21.24000 3.20000
    endloop
  endfacet
  facet normal 0.980797 -0.195030 0.000000
    outer loop
      vertex -3.58490 21.46970 3.20000
      vertex -3.54000 21.69550 3.20000
      vertex -3.54000 21.69550 4.00000
    endloop
  endfacet
  facet normal 0.000000 0.000000 1.000000
    outer loop
      vertex -1.84000 21.24000 3.20000
      vertex -3.54000 21.69550 3.20000
      vertex -3.58490 21.46970 3.20000
    endloop
  endfacet
  facet normal 0.947108 -0.320914 0.000000
    outer loop
      vertex -3.54000 21.69550 3.20000
      vertex -3.46610 21.91360 3.20000
      vertex -3.46610 21.91360 4.00000
    endloop
  endfacet
  facet normal 0.000000 0.000000 1.000000
    outer loop
      vertex -1.84000 21.24000 3.20000
      vertex -3.46610 21.91360 3.20000
      vertex -3.54000 21.69550 3.20000
    endloop
  endfacet
  facet normal 0.896675 -0.442690 0.000000
    outer loop
      vertex -3.46610 21.91360 3.20000
      vertex -3.36420 22.12000 3.20000
      vertex -3.36420 22.12000 4.00000
    endloop
  endfacet
  facet normal 0.000000 0.000000 1.000000
    outer loop
      vertex -1.84000 21.24000 3.20000
      vertex -3.36420 22.12000 3.20000
      vertex -3.46610 21.91360 3.20000
    endloop
  endfacet
  facet normal 0.831783 -0.555101 0.000000
    outer loop
      vertex -3.36420 22.12000 3.20000
      vertex -3.23640 22.31150 3.20000
      vertex -3.23640 22.31150 4.00000
    endloop
  endfacet
  facet normal 0.000000 0.000000 1.000000
    outer loop
      vertex -1.84000 21.24000 3.20000
      vertex -3.23640 22.31150 3.20000
      vertex -3.36420 22.12000 3.20000
    endloop
  endfacet
  facet normal 0.751445 -0.659795 0.000000
    outer loop
      vertex -3.23640 22.31150 3.20000
      vertex -3.08450 22.48450 3.20000
      vertex -3.08450 22.48450 4.00000
    endloop
  endfacet
  facet normal 0.000000 0.000000 1.000000
    outer loop
      vertex -1.84000 21.24000 3.20000
      vertex -3.08450 22.48450 3.20000
      vertex -3.23640 22.31150 3.20000
    endloop
  endfacet
  facet normal 0.659795 -0.751445 0.000000
    outer loop
      vertex -3.08450 22.48450 3.20000
      vertex -2.91150 22.63640 3.20000
      vertex -2.91150 22.63640 4.00000
    endloop
  endfacet
  facet normal 0.000000 0.000000 1.000000
    outer loop
      vertex -1.84000 21.24000 3.20000
      vertex -2.91150 22.63640 3.20000
      vertex -3.08450 22.48450 3.20000
    endloop
  endfacet
  facet normal 0.555101 -0.831783 0.000000
    outer loop
      vertex -2.91150 22.63640 3.20000
      vertex -2.72000 22.76420 3.20000
      vertex -2.72000 22.76420 4.00000
    endloop
  endfacet
  facet normal 0.000000 0.000000 1.000000
    outer loop
      vertex -1.84000 21.24000 3.20000
      vertex -2.72000 22.76420 3.20000
      vertex -2.91150 22.63640 3.20000
    endloop
  endfacet
  facet normal 0.442690 -0.896675 0.000000
    outer loop
      vertex -2.72000 22.76420 3.20000
      vertex -2.51360 22.86610 3.20000
      vertex -2.51360 22.86610 4.00000
    endloop
  endfacet
  facet normal 0.000000 0.000000 1.000000
    outer loop
      vertex -1.84000 21.24000 3.20000
      vertex -2.51360 22.86610 3.20000
      vertex -2.72000 22.76420 3.20000
    endloop
  endfacet
  facet normal 0.320914 -0.947108 0.000000
    outer loop
      vertex -2.51360 22.86610 3.20000
      vertex -2.29550 22.94000 3.20000
      vertex -2.29550 22.94000 4.00000
    endloop
  endfacet
  facet normal 0.000000 0.000000 1.000000
    outer loop
      vertex -1.84000 21.24000 3.20000
      vertex -2.29550 22.94000 3.20000
      vertex -2.51360 22.86610 3.20000
    endloop
  endfacet
  facet normal 0.000000 0.000000 1.000000
    outer loop
      vertex -1.84000 21.24000 3.20000
      vertex -2.06970 22.98490 3.20000
      vertex -2.29550 22.94000 3.20000
    endloop
  endfacet
  facet normal 0.195030 -0.980797 0.000000
    outer loop
      vertex -2.29550 22.94000 3.20000
      vertex -2.06970 22.98490 3.20000
      vertex -2.06970 22.98490 4.00000
    endloop
  endfacet
  facet normal 0.997846 -0.065596 0.000000
    outer loop
      vertex -3.60000 21.24000 7.60000
      vertex -3.60000 21.24000 4.00000
      vertex -3.58490 21.46970 4.00000
    endloop
  endfacet
  facet normal 0.980763 -0.195023 -0.008330
    outer loop
      vertex -3.60000 21.24000 7.60000
      vertex -3.58490 21.46970 4.00000
      vertex -3.54000 21.69550 4.00000
    endloop
  endfacet
  facet normal 0.946817 -0.320815 -0.024812
    outer loop
      vertex -3.60000 21.24000 7.60000
      vertex -3.54000 21.69550 4.00000
      vertex -3.46610 21.91360 4.00000
    endloop
  endfacet
  facet normal 0.895579 -0.442149 -0.049420
    outer loop
      vertex -3.60000 21.24000 7.60000
      vertex -3.46610 21.91360 4.00000
      vertex -3.36420 22.12000 4.00000
    endloop
  endfacet
  facet normal 0.829054 -0.553280 -0.080943
    outer loop
      vertex -3.60000 21.24000 7.60000
      vertex -3.36420 22.12000 4.00000
      vertex -3.23640 22.31150 4.00000
    endloop
  endfacet
  facet normal 0.746050 -0.655058 -0.119620
    outer loop
      vertex -3.60000 21.24000 7.60000
      vertex -3.23640 22.31150 4.00000
      vertex -3.08450 22.48450 4.00000
    endloop
  endfacet
  facet normal 0.650963 -0.741386 -0.163079
    outer loop
      vertex -3.60000 21.24000 7.60000
      vertex -3.08450 22.48450 4.00000
      vertex -2.91150 22.63640 4.00000
    endloop
  endfacet
  facet normal 0.542534 -0.812953 -0.211576
    outer loop
      vertex -3.60000 21.24000 7.60000
      vertex -2.91150 22.63640 4.00000
      vertex -2.72000 22.76420 4.00000
    endloop
  endfacet
  facet normal 0.427232 -0.865364 -0.261951
    outer loop
      vertex -3.60000 21.24000 7.60000
      vertex -2.72000 22.76420 4.00000
      vertex -2.51360 22.86610 4.00000
    endloop
  endfacet
  facet normal 0.304662 -0.899144 -0.314198
    outer loop
      vertex -3.60000 21.24000 7.60000
      vertex -2.51360 22.86610 4.00000
      vertex -2.29550 22.94000 4.00000
    endloop
  endfacet
  facet normal 0.181548 -0.912995 -0.365351
    outer loop
      vertex -3.60000 21.24000 7.60000
      vertex -2.29550 22.94000 4.00000
      vertex -2.06970 22.98490 4.00000
    endloop
  endfacet
  facet normal 0.065596 -0.997846 0.000000
    outer loop
      vertex -1.84000 23.00000 4.00000
      vertex -2.06970 22.98490 4.00000
      vertex -2.06970 22.98490 3.20000
    endloop
  endfacet
  facet normal 0.065596 -0.997846 0.000000
    outer loop
      vertex -2.06970 22.98490 3.20000
      vertex -1.84000 23.00000 3.20000
      vertex -1.84000 23.00000 4.00000
    endloop
  endfacet
  facet normal 0.000000 0.000000 1.000000
    outer loop
      vertex -1.84000 21.24000 3.20000
      vertex -1.84000 23.00000 3.20000
      vertex -2.06970 22.98490 3.20000
    endloop
  endfacet
  facet normal 0.000000 0.000000 1.000000
    outer loop
      vertex 0.00000 22.60000 3.20000
      vertex -1.84000 23.00000 3.20000
      vertex -1.84000 21.24000 3.20000
    endloop
  endfacet
  facet normal 0.000000 0.000000 1.000000
    outer loop
      vertex -1.84000 23.00000 3.20000
      vertex 0.00000 22.60000 3.20000
      vertex 0.00000 23.00000 3.20000
    endloop
  endfacet
  facet normal 0.000000 0.000000 -1.000000
    outer loop
      vertex 0.00000 32.00000 3.20000
      vertex 8.00000 23.40000 3.20000
      vertex 0.00000 23.40000 3.20000
    endloop
  endfacet
  facet normal 0.000000 0.000000 -1.000000
    outer loop
      vertex 8.00000 23.40000 3.20000
      vertex 0.00000 32.00000 3.20000
      vertex 8.00000 32.00000 3.20000
    endloop
  endfacet
  facet normal 0.000000 -1.000000 0.000000
    outer loop
      vertex 8.00000 32.00000 3.20000
      vertex 0.00000 32.00000 0.00000
      vertex 8.00000 32.00000 0.00000
    endloop
  endfacet
  facet normal 0.000000 0.000000 1.000000
    outer loop
      vertex 0.00000 32.00000 0.00000
      vertex 6.40000 30.40000 0.00000
      vertex 8.00000 32.00000 0.00000
    endloop
  endfacet
  facet normal -1.000000 0.000000 0.000000
    outer loop
      vertex 8.00000 24.00000 0.00000
      vertex 8.00000 32.00000 3.20000
      vertex 8.00000 32.00000 0.00000
    endloop
  endfacet
  facet normal -1.000000 0.000000 0.000000
    outer loop
      vertex 8.00000 32.00000 3.20000
      vertex 8.00000 24.00000 0.00000
      vertex 8.00000 24.00000 3.20000
    endloop
  endfacet
  facet normal 0.000000 -1.000000 0.000000
    outer loop
      vertex 0.00000 32.00000 0.00000
      vertex 8.00000 32.00000 3.20000
      vertex 0.00000 32.00000 3.20000
    endloop
  endfacet
  facet normal 1.000000 0.000000 0.000000
    outer loop
      vertex 0.00000 23.40000 3.20000
      vertex 0.00000 32.00000 0.00000
      vertex 0.00000 32.00000 3.20000
    endloop
  endfacet
  facet normal 0.000000 -1.000000 0.000000
    outer loop
      vertex -1.84000 23.00000 4.00000
      vertex 0.00000 23.00000 3.20000
      vertex 0.00000 23.00000 3.60000
    endloop
  endfacet
  facet normal -1.000000 0.000000 0.000000
    outer loop
      vertex 8.00000 23.00000 3.60000
      vertex 8.00000 23.40000 3.20000
      vertex 8.00000 23.00000 3.20000
    endloop
  endfacet
  facet normal 0.000000 -0.707107 -0.707107
    outer loop
      vertex 0.00000 23.40000 3.20000
      vertex 8.00000 23.00000 3.60000
      vertex 0.00000 23.00000 3.60000
    endloop
  endfacet
  facet normal 0.000000 -0.707107 -0.707107
    outer loop
      vertex 8.00000 23.00000 3.60000
      vertex 0.00000 23.40000 3.20000
      vertex 8.00000 23.40000 3.20000
    endloop
  endfacet
  facet normal 0.000000 -0.819232 -0.573462
    outer loop
      vertex 4.00000 21.80000 4.60000
      vertex 8.00000 21.80000 4.60000
      vertex 8.00000 21.24000 5.40000
    endloop
  endfacet
  facet normal 0.000000 -0.447214 -0.894427
    outer loop
      vertex 4.00000 21.80000 4.60000
      vertex 4.00000 23.00000 4.00000
      vertex 8.00000 23.00000 4.00000
    endloop
  endfacet
  facet normal -1.000000 0.000000 0.000000
    outer loop
      vertex 4.00000 21.24000 5.40000
      vertex 4.00000 23.00000 4.00000
      vertex 4.00000 21.80000 4.60000
    endloop
  endfacet
  facet normal 0.000000 -1.000000 0.000000
    outer loop
      vertex -1.84000 23.00000 4.00000
      vertex 0.00000 23.00000 3.60000
      vertex 4.00000 23.00000 4.00000
    endloop
  endfacet
  facet normal 0.000000 -1.000000 0.000000
    outer loop
      vertex 0.00000 23.00000 3.60000
      vertex 8.00000 23.00000 4.00000
      vertex 4.00000 23.00000 4.00000
    endloop
  endfacet
  facet normal 0.000000 -0.898384 -0.439210
    outer loop
      vertex 4.00000 21.24000 7.60000
      vertex -1.84000 23.00000 4.00000
      vertex 4.00000 23.00000 4.00000
    endloop
  endfacet
  facet normal 0.000000 -0.898384 -0.439210
    outer loop
      vertex -1.84000 23.00000 4.00000
      vertex 4.00000 21.24000 7.60000
      vertex -3.60000 21.24000 7.60000
    endloop
  endfacet
  facet normal 0.000000 -1.000000 0.000000
    outer loop
      vertex 4.00000 21.24000 7.60000
      vertex -3.60000 21.24000 8.60000
      vertex -3.60000 21.24000 7.60000
    endloop
  endfacet
  facet normal 1.000000 0.000000 0.000000
    outer loop
      vertex -3.60000 20.20000 8.60000
      vertex -3.60000 21.24000 7.60000
      vertex -3.60000 21.24000 8.60000
    endloop
  endfacet
  facet normal 1.000000 0.000000 0.000000
    outer loop
      vertex -3.60000 20.20000 8.60000
      vertex -3.60000 21.24000 4.00000
      vertex -3.60000 21.24000 7.60000
    endloop
  endfacet
  facet normal 1.000000 0.000000 0.000000
    outer loop
      vertex -3.60000 21.24000 4.00000
      vertex -3.60000 20.20000 8.60000
      vertex -3.60000 20.20000 3.20000
    endloop
  endfacet
  facet normal 0.831419 0.000000 -0.555646
    outer loop
      vertex -3.30720 21.24000 9.30720
      vertex -3.52400 20.18480 8.98280
      vertex -3.52400 21.24000 8.98280
    endloop
  endfacet
  facet normal 0.555646 0.000000 -0.831419
    outer loop
      vertex -2.98280 21.24000 9.52400
      vertex -3.30720 20.14160 9.30720
      vertex -3.30720 21.24000 9.30720
    endloop
  endfacet
  facet normal 0.195126 0.980778 0.000204
    outer loop
      vertex -3.30720 20.14160 9.30720
      vertex -3.60000 20.20000 8.60000
      vertex -3.52400 20.18480 8.98280
    endloop
  endfacet
  facet normal 0.196116 0.980581 -0.000222
    outer loop
      vertex -3.60000 20.20000 8.60000
      vertex -3.30720 20.14160 9.30720
      vertex -2.60000 20.00000 8.60000
    endloop
  endfacet
  facet normal 0.196759 0.980452 0.000447
    outer loop
      vertex -2.98280 20.07640 9.52400
      vertex -2.60000 20.00000 8.60000
      vertex -3.30720 20.14160 9.30720
    endloop
  endfacet
  facet normal 0.196116 0.980581 0.000000
    outer loop
      vertex -2.60000 20.00000 8.60000
      vertex -3.60000 20.20000 3.20000
      vertex -3.60000 20.20000 8.60000
    endloop
  endfacet
  facet normal 0.196116 0.980581 0.000000
    outer loop
      vertex -3.60000 20.20000 3.20000
      vertex -2.60000 20.00000 8.60000
      vertex -2.60000 20.00000 3.20000
    endloop
  endfacet
  facet normal 0.194736 0.000000 -0.980856
    outer loop
      vertex -2.60000 21.24000 9.60000
      vertex -2.98280 20.07640 9.52400
      vertex -2.98280 21.24000 9.52400
    endloop
  endfacet
  facet normal 0.194736 0.000000 -0.980856
    outer loop
      vertex -2.98280 20.07640 9.52400
      vertex -2.60000 21.24000 9.60000
      vertex -2.60000 20.00000 9.60000
    endloop
  endfacet
  facet normal 0.000000 -1.000000 0.000000
    outer loop
      vertex -2.60000 21.24000 8.60000
      vertex -2.60000 21.24000 9.60000
      vertex -2.73050 21.24000 9.59140
    endloop
  endfacet
  facet normal 0.000000 -1.000000 0.000000
    outer loop
      vertex 4.00000 21.24000 7.60000
      vertex -2.60000 21.24000 9.60000
      vertex -2.60000 21.24000 8.60000
    endloop
  endfacet
  facet normal 0.000000 -1.000000 0.000000
    outer loop
      vertex -2.60000 21.24000 9.60000
      vertex 4.00000 21.24000 7.60000
      vertex 8.00000 21.24000 9.60000
    endloop
  endfacet
  facet normal 0.000000 -1.000000 0.000000
    outer loop
      vertex 8.00000 21.24000 9.60000
      vertex 4.00000 21.24000 5.40000
      vertex 8.00000 21.24000 5.40000
    endloop
  endfacet
  facet normal 0.000000 -1.000000 0.000000
    outer loop
      vertex 4.00000 21.24000 5.40000
      vertex 8.00000 21.24000 9.60000
      vertex 4.00000 21.24000 7.60000
    endloop
  endfacet
  facet normal 0.000000 1.000000 0.000000
    outer loop
      vertex 4.00000 18.76000 5.40000
      vertex 8.00000 18.76000 9.60000
      vertex 8.00000 18.76000 5.40000
    endloop
  endfacet
  facet normal 0.000000 0.000000 -1.000000
    outer loop
      vertex -2.60000 20.00000 9.60000
      vertex 8.00000 21.24000 9.60000
      vertex 4.00000 20.00000 9.60000
    endloop
  endfacet
  facet normal 0.000000 1.000000 0.000000
    outer loop
      vertex 4.00000 20.00000 9.60000
      vertex -2.60000 20.00000 8.60000
      vertex -2.60000 20.00000 9.60000
    endloop
  endfacet
  facet normal 0.000000 1.000000 0.000000
    outer loop
      vertex 4.00000 20.00000 9.60000
      vertex -2.60000 20.00000 3.20000
      vertex -2.60000 20.00000 8.60000
    endloop
  endfacet
  facet normal 0.000000 1.000000 0.000000
    outer loop
      vertex 8.00000 18.76000 9.60000
      vertex 4.00000 18.76000 5.40000
      vertex 4.00000 18.76000 9.60000
    endloop
  endfacet
  facet normal 0.000000 0.000000 -1.000000
    outer loop
      vertex 4.00000 20.00000 9.60000
      vertex 8.00000 18.76000 9.60000
      vertex 4.00000 18.76000 9.60000
    endloop
  endfacet
  facet normal 1.000000 0.000000 0.000000
    outer loop
      vertex 4.00000 20.00000 3.20000
      vertex 4.00000 18.76000 9.60000
      vertex 4.00000 18.76000 5.40000
    endloop
  endfacet
  facet normal 0.000000 1.000000 0.000000
    outer loop
      vertex -2.60000 20.00000 3.20000
      vertex 4.00000 20.00000 9.60000
      vertex 4.00000 20.00000 3.20000
    endloop
  endfacet
  facet normal 0.000000 0.000000 1.000000
    outer loop
      vertex 0.00000 22.60000 3.20000
      vertex -2.60000 20.00000 3.20000
      vertex 4.00000 20.00000 3.20000
    endloop
  endfacet
  facet normal 0.000000 0.819232 -0.573462
    outer loop
      vertex 8.00000 18.76000 5.40000
      vertex 8.00000 18.20000 4.60000
      vertex 4.00000 18.20000 4.60000
    endloop
  endfacet
  facet normal 0.000000 0.819232 -0.573462
    outer loop
      vertex 4.00000 18.20000 4.60000
      vertex 4.00000 18.76000 5.40000
      vertex 8.00000 18.76000 5.40000
    endloop
  endfacet
  facet normal 1.000000 0.000000 0.000000
    outer loop
      vertex 4.00000 18.20000 4.60000
      vertex 4.00000 20.00000 3.20000
      vertex 4.00000 18.76000 5.40000
    endloop
  endfacet
  facet normal 0.000000 0.447214 -0.894427
    outer loop
      vertex 8.00000 17.00000 4.00000
      vertex 4.00000 17.00000 4.00000
      vertex 4.00000 18.20000 4.60000
    endloop
  endfacet
  facet normal 0.000000 0.447214 -0.894427
    outer loop
      vertex 4.00000 18.20000 4.60000
      vertex 8.00000 18.20000 4.60000
      vertex 8.00000 17.00000 4.00000
    endloop
  endfacet
  facet normal 0.000000 0.707107 -0.707107
    outer loop
      vertex 4.00000 17.00000 3.60000
      vertex 8.00000 17.00000 3.60000
      vertex 8.00000 16.60000 3.20000
    endloop
  endfacet
  facet normal 0.000000 0.000000 -1.000000
    outer loop
      vertex 2.00000 -10.00000 3.20000
      vertex 8.00000 16.00000 3.20000
      vertex 8.00000 -16.00000 3.20000
    endloop
  endfacet
  facet normal 0.000000 0.000000 -1.000000
    outer loop
      vertex 0.00000 -16.60000 3.20000
      vertex 8.00000 -16.00000 3.20000
      vertex 8.00000 -16.60000 3.20000
    endloop
  endfacet
  facet normal -1.000000 0.000000 0.000000
    outer loop
      vertex 8.00000 -17.00000 3.60000
      vertex 8.00000 -16.60000 3.20000
      vertex 8.00000 -17.00000 3.20000
    endloop
  endfacet
  facet normal 0.000000 -1.000000 0.000000
    outer loop
      vertex 8.00000 -17.00000 4.00000
      vertex 0.00000 -17.00000 3.60000
      vertex 8.00000 -17.00000 3.60000
    endloop
  endfacet
  facet normal 0.000000 -1.000000 0.000000
    outer loop
      vertex -1.84000 -17.00000 4.00000
      vertex 0.00000 -17.00000 1.80000
      vertex 0.00000 -17.00000 3.60000
    endloop
  endfacet
  facet normal 0.000000 0.000000 1.000000
    outer loop
      vertex -1.84000 -18.76000 1.80000
      vertex 0.00000 -17.00000 1.80000
      vertex -1.84000 -17.00000 1.80000
    endloop
  endfacet
  facet normal 0.000000 0.000000 1.000000
    outer loop
      vertex -3.60000 -20.24000 1.80000
      vertex -1.84000 -18.76000 1.80000
      vertex -3.60000 -18.76000 1.80000
    endloop
  endfacet
  facet normal 1.000000 0.000000 0.000000
    outer loop
      vertex -3.60000 -19.80000 3.20000
      vertex -3.60000 -18.76000 1.80000
      vertex -3.60000 -18.76000 4.00000
    endloop
  endfacet
  facet normal 0.997846 -0.065596 0.000000
    outer loop
      vertex -3.60000 -18.76000 7.60000
      vertex -3.60000 -18.76000 4.00000
      vertex -3.58490 -18.53030 4.00000
    endloop
  endfacet
  facet normal 0.980797 -0.195030 0.000000
    outer loop
      vertex -3.54000 -18.30450 4.00000
      vertex -3.58490 -18.53030 4.00000
      vertex -3.58490 -18.53030 1.80000
    endloop
  endfacet
  facet normal 0.980797 -0.195030 0.000000
    outer loop
      vertex -3.58490 -18.53030 1.80000
      vertex -3.54000 -18.30450 1.80000
      vertex -3.54000 -18.30450 4.00000
    endloop
  endfacet
  facet normal 0.947108 -0.320914 0.000000
    outer loop
      vertex -3.54000 -18.30450 1.80000
      vertex -3.46610 -18.08640 1.80000
      vertex -3.46610 -18.08640 4.00000
    endloop
  endfacet
  facet normal 0.896675 -0.442690 0.000000
    outer loop
      vertex -3.46610 -18.08640 1.80000
      vertex -3.36420 -17.88000 1.80000
      vertex -3.36420 -17.88000 4.00000
    endloop
  endfacet
  facet normal 0.831783 -0.555101 0.000000
    outer loop
      vertex -3.36420 -17.88000 1.80000
      vertex -3.23640 -17.68850 1.80000
      vertex -3.23640 -17.68850 4.00000
    endloop
  endfacet
  facet normal 0.751445 -0.659795 0.000000
    outer loop
      vertex -3.23640 -17.68850 1.80000
      vertex -3.08450 -17.51550 1.80000
      vertex -3.08450 -17.51550 4.00000
    endloop
  endfacet
  facet normal 0.659795 -0.751445 0.000000
    outer loop
      vertex -3.08450 -17.51550 1.80000
      vertex -2.91150 -17.36360 1.80000
      vertex -2.91150 -17.36360 4.00000
    endloop
  endfacet
  facet normal 0.555101 -0.831783 0.000000
    outer loop
      vertex -2.91150 -17.36360 1.80000
      vertex -2.72000 -17.23580 1.80000
      vertex -2.72000 -17.23580 4.00000
    endloop
  endfacet
  facet normal 0.442690 -0.896675 0.000000
    outer loop
      vertex -2.72000 -17.23580 1.80000
      vertex -2.51360 -17.13390 1.80000
      vertex -2.51360 -17.13390 4.00000
    endloop
  endfacet
  facet normal 0.320914 -0.947108 0.000000
    outer loop
      vertex -2.51360 -17.13390 1.80000
      vertex -2.29550 -17.06000 1.80000
      vertex -2.29550 -17.06000 4.00000
    endloop
  endfacet
  facet normal 0.195030 -0.980797 0.000000
    outer loop
      vertex -2.29550 -17.06000 1.80000
      vertex -2.06970 -17.01510 1.80000
      vertex -2.06970 -17.01510 4.00000
    endloop
  endfacet
  facet normal 0.195030 -0.980797 0.000000
    outer loop
      vertex -2.06970 -17.01510 4.00000
      vertex -2.29550 -17.06000 4.00000
      vertex -2.29550 -17.06000 1.80000
    endloop
  endfacet
  facet normal 0.320914 -0.947108 0.000000
    outer loop
      vertex -2.29550 -17.06000 4.00000
      vertex -2.51360 -17.13390 4.00000
      vertex -2.51360 -17.13390 1.80000
    endloop
  endfacet
  facet normal 0.442690 -0.896675 0.000000
    outer loop
      vertex -2.51360 -17.13390 4.00000
      vertex -2.72000 -17.23580 4.00000
      vertex -2.72000 -17.23580 1.80000
    endloop
  endfacet
  facet normal 0.555101 -0.831783 0.000000
    outer loop
      vertex -2.72000 -17.23580 4.00000
      vertex -2.91150 -17.36360 4.00000
      vertex -2.91150 -17.36360 1.80000
    endloop
  endfacet
  facet normal 0.659795 -0.751445 0.000000
    outer loop
      vertex -2.91150 -17.36360 4.00000
      vertex -3.08450 -17.51550 4.00000
      vertex -3.08450 -17.51550 1.80000
    endloop
  endfacet
  facet normal 0.751445 -0.659795 0.000000
    outer loop
      vertex -3.08450 -17.51550 4.00000
      vertex -3.23640 -17.68850 4.00000
      vertex -3.23640 -17.68850 1.80000
    endloop
  endfacet
  facet normal 0.831783 -0.555101 0.000000
    outer loop
      vertex -3.23640 -17.68850 4.00000
      vertex -3.36420 -17.88000 4.00000
      vertex -3.36420 -17.88000 1.80000
    endloop
  endfacet
  facet normal 0.896675 -0.442690 0.000000
    outer loop
      vertex -3.36420 -17.88000 4.00000
      vertex -3.46610 -18.08640 4.00000
      vertex -3.46610 -18.08640 1.80000
    endloop
  endfacet
  facet normal 0.947108 -0.320914 0.000000
    outer loop
      vertex -3.46610 -18.08640 4.00000
      vertex -3.54000 -18.30450 4.00000
      vertex -3.54000 -18.30450 1.80000
    endloop
  endfacet
  facet normal 0.000000 -1.000000 0.000000
    outer loop
      vertex 4.00000 -18.76000 7.60000
      vertex -3.60000 -18.76000 8.60000
      vertex -3.60000 -18.76000 7.60000
    endloop
  endfacet
  facet normal 0.980856 0.000000 -0.194736
    outer loop
      vertex -3.52400 -18.76000 8.98280
      vertex -3.60000 -19.80000 8.60000
      vertex -3.60000 -18.76000 8.60000
    endloop
  endfacet
  facet normal 0.196116 0.980581 -0.000222
    outer loop
      vertex -3.60000 -19.80000 8.60000
      vertex -3.30720 -19.85840 9.30720
      vertex -2.60000 -20.00000 8.60000
    endloop
  endfacet
  facet normal 0.831419 0.000000 -0.555646
    outer loop
      vertex -3.52400 -19.81520 8.98280
      vertex -3.30720 -18.76000 9.30720
      vertex -3.30720 -19.85840 9.30720
    endloop
  endfacet
  facet normal 0.555646 0.000000 -0.831419
    outer loop
      vertex -3.30720 -19.85840 9.30720
      vertex -2.98280 -18.76000 9.52400
      vertex -2.98280 -19.92360 9.52400
    endloop
  endfacet
  facet normal 0.194736 0.000000 -0.980856
    outer loop
      vertex -2.60000 -18.76000 9.60000
      vertex -2.98280 -19.92360 9.52400
      vertex -2.98280 -18.76000 9.52400
    endloop
  endfacet
  facet normal 0.000000 -1.000000 0.000000
    outer loop
      vertex -2.60000 -18.76000 8.60000
      vertex -2.60000 -18.76000 9.60000
      vertex -2.73050 -18.76000 9.59140
    endloop
  endfacet
  facet normal 0.000000 -1.000000 0.000000
    outer loop
      vertex -2.60000 -18.76000 8.60000
      vertex -3.56590 -18.76000 8.85880
      vertex -3.59140 -18.76000 8.73050
    endloop
  endfacet
  facet normal 0.000000 -1.000000 0.000000
    outer loop
      vertex -2.60000 -18.76000 8.60000
      vertex -3.52390 -18.76000 8.98270
      vertex -3.56590 -18.76000 8.85880
    endloop
  endfacet
  facet normal 0.000000 -1.000000 0.000000
    outer loop
      vertex -2.60000 -18.76000 8.60000
      vertex -3.46600 -18.76000 9.10000
      vertex -3.52390 -18.76000 8.98270
    endloop
  endfacet
  facet normal 0.000000 -1.000000 0.000000
    outer loop
      vertex -2.60000 -18.76000 8.60000
      vertex -3.39340 -18.76000 9.20880
      vertex -3.46600 -18.76000 9.10000
    endloop
  endfacet
  facet normal 0.000000 -1.000000 0.000000
    outer loop
      vertex -2.60000 -18.76000 8.60000
      vertex -3.30710 -18.76000 9.30710
      vertex -3.39340 -18.76000 9.20880
    endloop
  endfacet
  facet normal 0.000000 -1.000000 0.000000
    outer loop
      vertex -2.60000 -18.76000 8.60000
      vertex -3.20880 -18.76000 9.39340
      vertex -3.30710 -18.76000 9.30710
    endloop
  endfacet
  facet normal 0.000000 -1.000000 0.000000
    outer loop
      vertex -2.60000 -18.76000 8.60000
      vertex -3.10000 -18.76000 9.46600
      vertex -3.20880 -18.76000 9.39340
    endloop
  endfacet
  facet normal 0.000000 -1.000000 0.000000
    outer loop
      vertex -2.60000 -18.76000 8.60000
      vertex -2.98270 -18.76000 9.52390
      vertex -3.10000 -18.76000 9.46600
    endloop
  endfacet
  facet normal 0.000000 -1.000000 0.000000
    outer loop
      vertex -2.60000 -18.76000 8.60000
      vertex -2.85880 -18.76000 9.56590
      vertex -2.98270 -18.76000 9.52390
    endloop
  endfacet
  facet normal 0.000000 -1.000000 0.000000
    outer loop
      vertex -2.60000 -18.76000 8.60000
      vertex -2.73050 -18.76000 9.59140
      vertex -2.85880 -18.76000 9.56590
    endloop
  endfacet
  facet normal 0.000000 0.000000 -1.000000
    outer loop
      vertex 8.00000 -18.76000 9.60000
      vertex -2.60000 -20.00000 9.60000
      vertex -2.60000 -18.76000 9.60000
    endloop
  endfacet
  facet normal 0.000000 0.000000 -1.000000
    outer loop
      vertex 8.00000 -21.24000 9.60000
      vertex 4.00000 -20.00000 9.60000
      vertex 8.00000 -18.76000 9.60000
    endloop
  endfacet
  facet normal 1.000000 0.000000 0.000000
    outer loop
      vertex 4.00000 -21.24000 9.60000
      vertex 4.00000 -20.00000 3.20000
      vertex 4.00000 -20.00000 9.60000
    endloop
  endfacet
  facet normal 1.000000 0.000000 0.000000
    outer loop
      vertex 4.00000 -23.40000 3.20000
      vertex 4.00000 -20.00000 3.20000
      vertex 4.00000 -23.00000 3.60000
    endloop
  endfacet
  facet normal 0.000000 1.000000 0.000000
    outer loop
      vertex 4.00000 -23.00000 3.60000
      vertex 4.00000 -23.00000 4.00000
      vertex 8.00000 -23.00000 4.00000
    endloop
  endfacet
  facet normal 0.000000 0.447214 -0.894427
    outer loop
      vertex 8.00000 -23.00000 4.00000
      vertex 4.00000 -23.00000 4.00000
      vertex 4.00000 -21.80000 4.60000
    endloop
  endfacet
  facet normal 0.000000 0.819232 -0.573462
    outer loop
      vertex 8.00000 -21.24000 5.40000
      vertex 8.00000 -21.80000 4.60000
      vertex 4.00000 -21.80000 4.60000
    endloop
  endfacet
  facet normal 0.000000 0.819232 -0.573462
    outer loop
      vertex 4.00000 -21.80000 4.60000
      vertex 4.00000 -21.24000 5.40000
      vertex 8.00000 -21.24000 5.40000
    endloop
  endfacet
  facet normal 0.000000 0.447214 -0.894427
    outer loop
      vertex 4.00000 -21.80000 4.60000
      vertex 8.00000 -21.80000 4.60000
      vertex 8.00000 -23.00000 4.00000
    endloop
  endfacet
  facet normal 0.000000 1.000000 0.000000
    outer loop
      vertex 8.00000 -23.00000 4.00000
      vertex 8.00000 -23.00000 3.60000
      vertex 4.00000 -23.00000 3.60000
    endloop
  endfacet
  facet normal -1.000000 0.000000 0.000000
    outer loop
      vertex 8.00000 -23.00000 3.20000
      vertex 8.00000 -23.40000 3.20000
      vertex 8.00000 -23.00000 3.60000
    endloop
  endfacet
  facet normal 0.000000 0.707107 -0.707107
    outer loop
      vertex 4.00000 -23.00000 3.60000
      vertex 8.00000 -23.00000 3.60000
      vertex 8.00000 -23.40000 3.20000
    endloop
  endfacet
  facet normal 0.000000 0.707107 -0.707107
    outer loop
      vertex 8.00000 -23.40000 3.20000
      vertex 4.00000 -23.40000 3.20000
      vertex 4.00000 -23.00000 3.60000
    endloop
  endfacet
  facet normal 0.000000 0.000000 -1.000000
    outer loop
      vertex 0.00000 -22.00000 3.20000
      vertex 4.00000 -23.40000 3.20000
      vertex 0.00000 -32.00000 3.20000
    endloop
  endfacet
  facet normal 0.000000 1.000000 0.000000
    outer loop
      vertex 0.00000 -32.00000 3.20000
      vertex 8.00000 -32.00000 0.00000
      vertex 0.00000 -32.00000 0.00000
    endloop
  endfacet
  facet normal -1.000000 0.000000 0.000000
    outer loop
      vertex 8.00000 -24.00000 3.20000
      vertex 8.00000 -32.00000 0.00000
      vertex 8.00000 -32.00000 3.20000
    endloop
  endfacet
  facet normal -1.000000 0.000000 0.000000
    outer loop
      vertex 8.00000 -32.00000 0.00000
      vertex 8.00000 -24.00000 3.20000
      vertex 8.00000 -24.00000 0.00000
    endloop
  endfacet
  facet normal 0.000000 0.000000 1.000000
    outer loop
      vertex 6.40000 -30.40000 0.00000
      vertex 8.00000 -24.00000 0.00000
      vertex 6.40000 -24.00000 0.00000
    endloop
  endfacet
  facet normal 0.000000 0.000000 1.000000
    outer loop
      vertex 6.40000 -24.00000 0.00000
      vertex 0.00000 -22.60000 0.00000
      vertex 1.60000 -24.00000 0.00000
    endloop
  endfacet
  facet normal 0.000000 -0.993884 0.110432
    outer loop
      vertex 0.00000 -22.60000 0.00000
      vertex 6.40000 -22.40000 1.80000
      vertex 0.00000 -22.40000 1.80000
    endloop
  endfacet
  facet normal 1.000000 0.000000 0.000000
    outer loop
      vertex 6.40000 -22.40000 1.80000
      vertex 6.40000 -16.80000 0.00000
      vertex 6.40000 -17.00000 1.80000
    endloop
  endfacet
  facet normal 0.000000 0.000000 1.000000
    outer loop
      vertex 1.60000 -15.60000 0.00000
      vertex 6.40000 -16.80000 0.00000
      vertex 6.40000 -15.60000 0.00000
    endloop
  endfacet
  facet normal 0.000000 0.000000 1.000000
    outer loop
      vertex 6.40000 -15.60000 0.00000
      vertex 8.00000 16.00000 0.00000
      vertex 6.40000 15.60000 0.00000
    endloop
  endfacet
  facet normal 0.000000 0.000000 1.000000
    outer loop
      vertex 6.40000 15.60000 0.00000
      vertex 0.00000 17.40000 0.00000
      vertex 1.60000 15.60000 0.00000
    endloop
  endfacet
  facet normal 0.000000 0.000000 1.000000
    outer loop
      vertex 1.60000 15.60000 0.00000
      vertex 0.00000 12.00000 0.00000
      vertex 1.60000 10.80000 0.00000
    endloop
  endfacet
  facet normal 0.707107 0.707107 0.000000
    outer loop
      vertex 1.60000 10.40000 3.20000
      vertex 0.00000 12.00000 0.00000
      vertex 0.00000 12.00000 3.20000
    endloop
  endfacet
  facet normal 0.000000 0.000000 -1.000000
    outer loop
      vertex 4.00000 16.00000 3.20000
      vertex 0.00000 12.00000 3.20000
      vertex 0.00000 16.00000 3.20000
    endloop
  endfacet
  facet normal 0.000000 -1.000000 0.000000
    outer loop
      vertex 4.00000 16.00000 3.20000
      vertex 0.00000 16.00000 3.20000
      vertex 0.00000 16.00000 1.80000
    endloop
  endfacet
  facet normal 0.000000 -1.000000 0.000000
    outer loop
      vertex 0.00000 16.00000 1.80000
      vertex 4.00000 16.00000 1.80000
      vertex 4.00000 16.00000 3.20000
    endloop
  endfacet
  facet normal 0.000000 0.000000 -1.000000
    outer loop
      vertex 1.60000 10.40000 3.20000
      vertex 2.82880 8.00000 3.20000
      vertex 1.60000 9.60000 3.20000
    endloop
  endfacet
  facet normal 0.000000 0.000000 -1.000000
    outer loop
      vertex 1.60000 6.40000 3.20000
      vertex 2.82880 8.00000 3.20000
      vertex 1.60000 5.60000 3.20000
    endloop
  endfacet
  facet normal 0.000000 0.000000 -1.000000
    outer loop
      vertex 0.00000 -4.00000 3.20000
      vertex 1.60000 5.60000 3.20000
      vertex 2.00000 -6.00000 3.20000
    endloop
  endfacet
  facet normal 0.000000 0.000000 -1.000000
    outer loop
      vertex 2.00000 -6.00000 3.20000
      vertex 0.26100 -6.01720 3.20000
      vertex 0.00000 -6.00000 3.20000
    endloop
  endfacet
  facet normal 0.000000 0.000000 -1.000000
    outer loop
      vertex -1.17160 -5.17160 3.20000
      vertex 0.00000 -6.00000 3.20000
      vertex -0.76520 -6.15240 3.20000
    endloop
  endfacet
  facet normal 0.707107 -0.707107 0.000000
    outer loop
      vertex 0.00000 -4.00000 0.00000
      vertex -1.17160 -5.17160 3.20000
      vertex -1.17160 -5.17160 0.00000
    endloop
  endfacet
  facet normal 0.000000 0.000000 1.000000
    outer loop
      vertex 1.60000 -5.05840 0.00000
      vertex 0.00000 4.00000 0.00000
      vertex 0.00000 -4.00000 0.00000
    endloop
  endfacet
  facet normal 0.000000 0.000000 1.000000
    outer loop
      vertex 1.60000 5.20000 0.00000
      vertex 1.60000 5.60000 0.00000
      vertex 0.00000 4.00000 0.00000
    endloop
  endfacet
  facet normal 0.000000 0.000000 1.000000
    outer loop
      vertex 2.80000 6.40000 0.00000
      vertex 1.60000 6.40000 0.00000
      vertex 1.60000 5.60000 0.00000
    endloop
  endfacet
  facet normal 0.707107 0.707107 0.000000
    outer loop
      vertex 1.60000 6.40000 0.00000
      vertex 1.41440 6.58560 0.00000
      vertex 1.41440 6.58560 3.20000
    endloop
  endfacet
  facet normal 0.000000 0.000000 -1.000000
    outer loop
      vertex 0.79340 7.39120 3.20000
      vertex 1.41440 6.58560 3.20000
      vertex 0.70720 7.29280 3.20000
    endloop
  endfacet
  facet normal 0.000000 0.000000 -1.000000
    outer loop
      vertex 0.70720 7.29280 3.20000
      vertex 1.21770 6.41320 3.20000
      vertex 0.60880 7.20660 3.20000
    endloop
  endfacet
  facet normal -0.555582 0.831462 0.000000
    outer loop
      vertex 1.00010 6.26780 0.00000
      vertex 1.21770 6.41320 3.20000
      vertex 1.21770 6.41320 0.00000
    endloop
  endfacet
  facet normal -0.442928 0.896557 0.000000
    outer loop
      vertex 0.76550 6.15190 0.00000
      vertex 1.00010 6.26780 3.20000
      vertex 1.00010 6.26780 0.00000
    endloop
  endfacet
  facet normal 0.000000 0.000000 -1.000000
    outer loop
      vertex 0.76550 6.15190 3.20000
      vertex 0.50010 7.13390 3.20000
      vertex 1.00010 6.26780 3.20000
    endloop
  endfacet
  facet normal 0.000000 0.000000 -1.000000
    outer loop
      vertex 0.50010 7.13390 3.20000
      vertex 0.76550 6.15190 3.20000
      vertex 0.38270 7.07600 3.20000
    endloop
  endfacet
  facet normal 0.000000 0.000000 -1.000000
    outer loop
      vertex 0.38270 7.07600 3.20000
      vertex 0.51770 6.06790 3.20000
      vertex 0.25880 7.03400 3.20000
    endloop
  endfacet
  facet normal -0.195675 0.980669 0.000000
    outer loop
      vertex 0.26110 6.01670 0.00000
      vertex 0.51770 6.06790 3.20000
      vertex 0.51770 6.06790 0.00000
    endloop
  endfacet
  facet normal -0.064591 0.997912 0.000000
    outer loop
      vertex 0.00000 5.99980 0.00000
      vertex 0.26110 6.01670 3.20000
      vertex 0.26110 6.01670 0.00000
    endloop
  endfacet
  facet normal 0.000000 0.000000 -1.000000
    outer loop
      vertex 0.00000 5.99980 3.20000
      vertex 0.13050 7.00840 3.20000
      vertex 0.26110 6.01670 3.20000
    endloop
  endfacet
  facet normal 0.000000 0.000000 -1.000000
    outer loop
      vertex 0.13050 7.00840 3.20000
      vertex 0.00000 5.99980 3.20000
      vertex 0.00000 6.99990 3.20000
    endloop
  endfacet
  facet normal 0.000000 0.000000 -1.000000
    outer loop
      vertex 0.00000 6.99990 3.20000
      vertex -0.26110 6.01670 3.20000
      vertex -0.13050 7.00840 3.20000
    endloop
  endfacet
  facet normal 0.195675 0.980669 0.000000
    outer loop
      vertex -0.51770 6.06790 0.00000
      vertex -0.26110 6.01670 3.20000
      vertex -0.26110 6.01670 0.00000
    endloop
  endfacet
  facet normal 0.321039 0.947066 0.000000
    outer loop
      vertex -0.76550 6.15190 0.00000
      vertex -0.51770 6.06790 3.20000
      vertex -0.51770 6.06790 0.00000
    endloop
  endfacet
  facet normal 0.000000 0.000000 -1.000000
    outer loop
      vertex -0.76550 6.15190 3.20000
      vertex -0.25880 7.03400 3.20000
      vertex -0.51770 6.06790 3.20000
    endloop
  endfacet
  facet normal 0.000000 0.000000 -1.000000
    outer loop
      vertex -0.25880 7.03400 3.20000
      vertex -0.76550 6.15190 3.20000
      vertex -0.38270 7.07600 3.20000
    endloop
  endfacet
  facet normal 0.000000 0.000000 -1.000000
    outer loop
      vertex -0.38270 7.07600 3.20000
      vertex -1.00010 6.26780 3.20000
      vertex -0.50010 7.13390 3.20000
    endloop
  endfacet
  facet normal 0.555582 0.831462 0.000000
    outer loop
      vertex -1.21770 6.41320 0.00000
      vertex -1.00010 6.26780 3.20000
      vertex -1.00010 6.26780 0.00000
    endloop
  endfacet
  facet normal 0.659127 0.752032 0.000000
    outer loop
      vertex -1.41440 6.58560 0.00000
      vertex -1.21770 6.41320 3.20000
      vertex -1.21770 6.41320 0.00000
    endloop
  endfacet
  facet normal 0.000000 0.000000 -1.000000
    outer loop
      vertex -1.41440 6.58560 3.20000
      vertex -0.60880 7.20660 3.20000
      vertex -1.21770 6.41320 3.20000
    endloop
  endfacet
  facet normal -0.555053 -0.831815 0.000000
    outer loop
      vertex -0.50000 7.13400 3.20000
      vertex -0.60880 7.20660 3.20000
      vertex -0.60880 7.20660 0.00000
    endloop
  endfacet
  facet normal 0.000000 0.000000 1.000000
    outer loop
      vertex -0.50000 7.13400 0.00000
      vertex -0.60880 7.20660 0.00000
      vertex -1.21760 6.41320 0.00000
    endloop
  endfacet
  facet normal -0.442621 -0.896709 0.000000
    outer loop
      vertex -0.50000 7.13400 0.00000
      vertex -0.38270 7.07610 0.00000
      vertex -0.38270 7.07610 3.20000
    endloop
  endfacet
  facet normal -0.321039 -0.947066 0.000000
    outer loop
      vertex -0.38270 7.07610 0.00000
      vertex -0.25880 7.03410 0.00000
      vertex -0.25880 7.03410 3.20000
    endloop
  endfacet
  facet normal -0.194940 -0.980815 0.000000
    outer loop
      vertex -0.25880 7.03410 0.00000
      vertex -0.13050 7.00860 0.00000
      vertex -0.13050 7.00860 3.20000
    endloop
  endfacet
  facet normal -0.065758 -0.997836 0.000000
    outer loop
      vertex -0.13050 7.00860 0.00000
      vertex 0.00000 7.00000 0.00000
      vertex 0.00000 7.00000 3.20000
    endloop
  endfacet
  facet normal 0.065758 -0.997836 0.000000
    outer loop
      vertex 0.00000 7.00000 0.00000
      vertex 0.13050 7.00860 0.00000
      vertex 0.13050 7.00860 3.20000
    endloop
  endfacet
  facet normal 0.194940 -0.980815 0.000000
    outer loop
      vertex 0.13050 7.00860 0.00000
      vertex 0.25880 7.03410 0.00000
      vertex 0.25880 7.03410 3.20000
    endloop
  endfacet
  facet normal 0.321039 -0.947066 0.000000
    outer loop
      vertex 0.25880 7.03410 0.00000
      vertex 0.38270 7.07610 0.00000
      vertex 0.38270 7.07610 3.20000
    endloop
  endfacet
  facet normal 0.442621 -0.896709 0.000000
    outer loop
      vertex 0.38270 7.07610 0.00000
      vertex 0.50000 7.13400 0.00000
      vertex 0.50000 7.13400 3.20000
    endloop
  endfacet
  facet normal 0.000000 0.000000 1.000000
    outer loop
      vertex 0.60880 7.20660 0.00000
      vertex 0.50000 7.13400 0.00000
      vertex 1.00000 6.26800 0.00000
    endloop
  endfacet
  facet normal 0.659749 -0.751486 0.000000
    outer loop
      vertex 0.60880 7.20660 0.00000
      vertex 0.70710 7.29290 0.00000
      vertex 0.70710 7.29290 3.20000
    endloop
  endfacet
  facet normal 0.000000 0.000000 1.000000
    outer loop
      vertex 0.79340 7.39120 0.00000
      vertex 0.70710 7.29290 0.00000
      vertex 1.41420 6.58580 0.00000
    endloop
  endfacet
  facet normal 0.831815 -0.555053 0.000000
    outer loop
      vertex 0.79340 7.39120 0.00000
      vertex 0.86600 7.50000 0.00000
      vertex 0.86600 7.50000 3.20000
    endloop
  endfacet
  facet normal 0.896709 -0.442621 0.000000
    outer loop
      vertex 0.86600 7.50000 0.00000
      vertex 0.92390 7.61730 0.00000
      vertex 0.92390 7.61730 3.20000
    endloop
  endfacet
  facet normal 0.947066 -0.321039 0.000000
    outer loop
      vertex 0.92390 7.61730 0.00000
      vertex 0.96590 7.74120 0.00000
      vertex 0.96590 7.74120 3.20000
    endloop
  endfacet
  facet normal 0.980815 -0.194940 0.000000
    outer loop
      vertex 0.96590 7.74120 0.00000
      vertex 0.99140 7.86950 0.00000
      vertex 0.99140 7.86950 3.20000
    endloop
  endfacet
  facet normal 0.997836 -0.065758 0.000000
    outer loop
      vertex 0.99140 7.86950 0.00000
      vertex 1.00000 8.00000 0.00000
      vertex 1.00000 8.00000 3.20000
    endloop
  endfacet
  facet normal 0.997836 0.065758 0.000000
    outer loop
      vertex 1.00000 8.00000 0.00000
      vertex 0.99140 8.13050 0.00000
      vertex 0.99140 8.13050 3.20000
    endloop
  endfacet
  facet normal 0.980815 0.194940 0.000000
    outer loop
      vertex 0.99140 8.13050 0.00000
      vertex 0.96590 8.25880 0.00000
      vertex 0.96590 8.25880 3.20000
    endloop
  endfacet
  facet normal 0.947066 0.321039 0.000000
    outer loop
      vertex 0.96590 8.25880 0.00000
      vertex 0.92390 8.38270 0.00000
      vertex 0.92390 8.38270 3.20000
    endloop
  endfacet
  facet normal 0.896709 0.442621 0.000000
    outer loop
      vertex 0.92390 8.38270 0.00000
      vertex 0.86600 8.50000 0.00000
      vertex 0.86600 8.50000 3.20000
    endloop
  endfacet
  facet normal 0.831815 0.555053 0.000000
    outer loop
      vertex 0.86600 8.50000 0.00000
      vertex 0.79340 8.60880 0.00000
      vertex 0.79340 8.60880 3.20000
    endloop
  endfacet
  facet normal 0.751486 0.659749 0.000000
    outer loop
      vertex 0.79340 8.60880 0.00000
      vertex 0.70710 8.70710 0.00000
      vertex 0.70710 8.70710 3.20000
    endloop
  endfacet
  facet normal 0.659749 0.751486 0.000000
    outer loop
      vertex 0.70710 8.70710 0.00000
      vertex 0.60880 8.79340 0.00000
      vertex 0.60880 8.79340 3.20000
    endloop
  endfacet
  facet normal 0.555053 0.831815 0.000000
    outer loop
      vertex 0.60880 8.79340 0.00000
      vertex 0.50000 8.86600 0.00000
      vertex 0.50000 8.86600 3.20000
    endloop
  endfacet
  facet normal 0.442621 0.896709 0.000000
    outer loop
      vertex 0.50000 8.86600 0.00000
      vertex 0.38270 8.92390 0.00000
      vertex 0.38270 8.92390 3.20000
    endloop
  endfacet
  facet normal 0.321039 0.947066 0.000000
    outer loop
      vertex 0.38270 8.92390 0.00000
      vertex 0.25880 8.96590 0.00000
      vertex 0.25880 8.96590 3.20000
    endloop
  endfacet
  facet normal 0.194940 0.980815 0.000000
    outer loop
      vertex 0.25880 8.96590 0.00000
      vertex 0.13050 8.99140 0.00000
      vertex 0.13050 8.99140 3.20000
    endloop
  endfacet
  facet normal 0.065758 0.997836 0.000000
    outer loop
      vertex 0.13050 8.99140 0.00000
      vertex 0.00000 9.00000 0.00000
      vertex 0.00000 9.00000 3.20000
    endloop
  endfacet
  facet normal -0.065758 0.997836 0.000000
    outer loop
      vertex 0.00000 9.00000 0.00000
      vertex -0.13050 8.99140 0.00000
      vertex -0.13050 8.99140 3.20000
    endloop
  endfacet
  facet normal -0.194940 0.980815 0.000000
    outer loop
      vertex -0.13050 8.99140 0.00000
      vertex -0.25880 8.96590 0.00000
      vertex -0.25880 8.96590 3.20000
    endloop
  endfacet
  facet normal -0.321039 0.947066 0.000000
    outer loop
      vertex -0.25880 8.96590 0.00000
      vertex -0.38270 8.92390 0.00000
      vertex -0.38270 8.92390 3.20000
    endloop
  endfacet
  facet normal -0.442621 0.896709 0.000000
    outer loop
      vertex -0.38270 8.92390 0.00000
      vertex -0.50000 8.86600 0.00000
      vertex -0.50000 8.86600 3.20000
    endloop
  endfacet
  facet normal -0.555053 0.831815 0.000000
    outer loop
      vertex -0.50000 8.86600 0.00000
      vertex -0.60880 8.79340 0.00000
      vertex -0.60880 8.79340 3.20000
    endloop
  endfacet
  facet normal -0.659749 0.751486 0.000000
    outer loop
      vertex -0.60880 8.79340 0.00000
      vertex -0.70710 8.70710 0.00000
      vertex -0.70710 8.70710 3.20000
    endloop
  endfacet
  facet normal -0.751486 0.659749 0.000000
    outer loop
      vertex -0.70710 8.70710 0.00000
      vertex -0.79340 8.60880 0.00000
      vertex -0.79340 8.60880 3.20000
    endloop
  endfacet
  facet normal -0.831815 0.555053 0.000000
    outer loop
      vertex -0.79340 8.60880 0.00000
      vertex -0.86600 8.50000 0.00000
      vertex -0.86600 8.50000 3.20000
    endloop
  endfacet
  facet normal -0.896709 0.442621 0.000000
    outer loop
      vertex -0.86600 8.50000 0.00000
      vertex -0.92390 8.38270 0.00000
      vertex -0.92390 8.38270 3.20000
    endloop
  endfacet
  facet normal -0.947066 0.321039 0.000000
    outer loop
      vertex -0.92390 8.38270 0.00000
      vertex -0.96590 8.25880 0.00000
      vertex -0.96590 8.25880 3.20000
    endloop
  endfacet
  facet normal -0.980815 0.194940 0.000000
    outer loop
      vertex -0.96590 8.25880 0.00000
      vertex -0.99140 8.13050 0.00000
      vertex -0.99140 8.13050 3.20000
    endloop
  endfacet
  facet normal -0.997836 0.065758 0.000000
    outer loop
      vertex -0.99140 8.13050 0.00000
      vertex -1.00000 8.00000 0.00000
      vertex -1.00000 8.00000 3.20000
    endloop
  endfacet
  facet normal -0.997836 -0.065758 0.000000
    outer loop
      vertex -1.00000 8.00000 0.00000
      vertex -0.99140 7.86950 0.00000
      vertex -0.99140 7.86950 3.20000
    endloop
  endfacet
  facet normal -0.980815 -0.194940 0.000000
    outer loop
      vertex -0.99140 7.86950 0.00000
      vertex -0.96590 7.74120 0.00000
      vertex -0.96590 7.74120 3.20000
    endloop
  endfacet
  facet normal -0.947066 -0.321039 0.000000
    outer loop
      vertex -0.96590 7.74120 0.00000
      vertex -0.92390 7.61730 0.00000
      vertex -0.92390 7.61730 3.20000
    endloop
  endfacet
  facet normal -0.896709 -0.442621 0.000000
    outer loop
      vertex -0.92390 7.61730 0.00000
      vertex -0.86600 7.50000 0.00000
      vertex -0.86600 7.50000 3.20000
    endloop
  endfacet
  facet normal -0.831815 -0.555053 0.000000
    outer loop
      vertex -0.86600 7.50000 0.00000
      vertex -0.79340 7.39120 0.00000
      vertex -0.79340 7.39120 3.20000
    endloop
  endfacet
  facet normal -0.751486 -0.659749 0.000000
    outer loop
      vertex -0.79340 7.39120 0.00000
      vertex -0.70710 7.29290 0.00000
      vertex -0.70710 7.29290 3.20000
    endloop
  endfacet
  facet normal 0.000000 0.000000 1.000000
    outer loop
      vertex -1.58680 6.78240 0.00000
      vertex -1.41420 6.58580 0.00000
      vertex -0.70710 7.29290 0.00000
    endloop
  endfacet
  facet normal 0.000000 0.000000 1.000000
    outer loop
      vertex -0.70710 7.29290 0.00000
      vertex -0.79340 7.39120 0.00000
      vertex -1.58680 6.78240 0.00000
    endloop
  endfacet
  facet normal 0.000000 0.000000 1.000000
    outer loop
      vertex -1.73200 7.00000 0.00000
      vertex -1.58680 6.78240 0.00000
      vertex -0.79340 7.39120 0.00000
    endloop
  endfacet
  facet normal 0.000000 0.000000 -1.000000
    outer loop
      vertex -0.70720 7.29280 3.20000
      vertex -1.58680 6.78230 3.20000
      vertex -0.79340 7.39120 3.20000
    endloop
  endfacet
  facet normal 0.831462 0.555582 0.000000
    outer loop
      vertex -1.73220 6.99990 0.00000
      vertex -1.58680 6.78230 3.20000
      vertex -1.58680 6.78230 0.00000
    endloop
  endfacet
  facet normal 0.896557 0.442928 0.000000
    outer loop
      vertex -1.84810 7.23450 0.00000
      vertex -1.73220 6.99990 3.20000
      vertex -1.73220 6.99990 0.00000
    endloop
  endfacet
  facet normal 0.000000 0.000000 -1.000000
    outer loop
      vertex -1.84810 7.23450 3.20000
      vertex -0.86610 7.49990 3.20000
      vertex -1.73220 6.99990 3.20000
    endloop
  endfacet
  facet normal 0.000000 0.000000 -1.000000
    outer loop
      vertex -0.86610 7.49990 3.20000
      vertex -1.84810 7.23450 3.20000
      vertex -0.92400 7.61730 3.20000
    endloop
  endfacet
  facet normal 0.000000 0.000000 -1.000000
    outer loop
      vertex -0.92400 7.61730 3.20000
      vertex -1.93210 7.48230 3.20000
      vertex -0.96600 7.74120 3.20000
    endloop
  endfacet
  facet normal 0.980669 0.195675 0.000000
    outer loop
      vertex -1.98330 7.73890 0.00000
      vertex -1.93210 7.48230 3.20000
      vertex -1.93210 7.48230 0.00000
    endloop
  endfacet
  facet normal 0.997912 0.064591 0.000000
    outer loop
      vertex -2.00020 8.00000 0.00000
      vertex -1.98330 7.73890 3.20000
      vertex -1.98330 7.73890 0.00000
    endloop
  endfacet
  facet normal 0.000000 0.000000 -1.000000
    outer loop
      vertex -2.00020 8.00000 3.20000
      vertex -0.99160 7.86950 3.20000
      vertex -1.98330 7.73890 3.20000
    endloop
  endfacet
  facet normal 0.000000 0.000000 -1.000000
    outer loop
      vertex -0.99160 7.86950 3.20000
      vertex -2.00020 8.00000 3.20000
      vertex -1.00010 8.00000 3.20000
    endloop
  endfacet
  facet normal 0.000000 0.000000 -1.000000
    outer loop
      vertex -1.00010 8.00000 3.20000
      vertex -1.98330 8.26110 3.20000
      vertex -0.99160 8.13050 3.20000
    endloop
  endfacet
  facet normal 0.980669 -0.195675 0.000000
    outer loop
      vertex -1.93210 8.51770 0.00000
      vertex -1.98330 8.26110 3.20000
      vertex -1.98330 8.26110 0.00000
    endloop
  endfacet
  facet normal 0.947066 -0.321039 0.000000
    outer loop
      vertex -1.84810 8.76550 0.00000
      vertex -1.93210 8.51770 3.20000
      vertex -1.93210 8.51770 0.00000
    endloop
  endfacet
  facet normal 0.000000 0.000000 -1.000000
    outer loop
      vertex -1.84810 8.76550 3.20000
      vertex -0.96600 8.25880 3.20000
      vertex -1.93210 8.51770 3.20000
    endloop
  endfacet
  facet normal 0.000000 0.000000 -1.000000
    outer loop
      vertex -0.96600 8.25880 3.20000
      vertex -1.84810 8.76550 3.20000
      vertex -0.92400 8.38270 3.20000
    endloop
  endfacet
  facet normal 0.000000 0.000000 -1.000000
    outer loop
      vertex -0.92400 8.38270 3.20000
      vertex -1.73220 9.00010 3.20000
      vertex -0.86610 8.50010 3.20000
    endloop
  endfacet
  facet normal 0.831462 -0.555582 0.000000
    outer loop
      vertex -1.58680 9.21770 0.00000
      vertex -1.73220 9.00010 3.20000
      vertex -1.73220 9.00010 0.00000
    endloop
  endfacet
  facet normal 0.752032 -0.659127 0.000000
    outer loop
      vertex -1.41440 9.41440 0.00000
      vertex -1.58680 9.21770 3.20000
      vertex -1.58680 9.21770 0.00000
    endloop
  endfacet
  facet normal 0.752032 -0.659127 0.000000
    outer loop
      vertex -1.58680 9.21770 3.20000
      vertex -1.41440 9.41440 0.00000
      vertex -1.41440 9.41440 3.20000
    endloop
  endfacet
  facet normal 0.000000 0.000000 -1.000000
    outer loop
      vertex -1.21770 9.58680 3.20000
      vertex -0.70720 8.70720 3.20000
      vertex -1.41440 9.41440 3.20000
    endloop
  endfacet
  facet normal 0.555582 -0.831462 0.000000
    outer loop
      vertex -1.00010 9.73220 0.00000
      vertex -1.21770 9.58680 3.20000
      vertex -1.21770 9.58680 0.00000
    endloop
  endfacet
  facet normal 0.442928 -0.896557 0.000000
    outer loop
      vertex -0.76550 9.84810 0.00000
      vertex -1.00010 9.73220 3.20000
      vertex -1.00010 9.73220 0.00000
    endloop
  endfacet
  facet normal 0.000000 0.000000 -1.000000
    outer loop
      vertex -0.76550 9.84810 3.20000
      vertex -0.50010 8.86610 3.20000
      vertex -1.00010 9.73220 3.20000
    endloop
  endfacet
  facet normal 0.000000 0.000000 -1.000000
    outer loop
      vertex -0.50010 8.86610 3.20000
      vertex -0.76550 9.84810 3.20000
      vertex -0.38270 8.92400 3.20000
    endloop
  endfacet
  facet normal 0.000000 0.000000 -1.000000
    outer loop
      vertex -0.38270 8.92400 3.20000
      vertex -0.51770 9.93210 3.20000
      vertex -0.25880 8.96600 3.20000
    endloop
  endfacet
  facet normal 0.195675 -0.980669 0.000000
    outer loop
      vertex -0.26110 9.98330 0.00000
      vertex -0.51770 9.93210 3.20000
      vertex -0.51770 9.93210 0.00000
    endloop
  endfacet
  facet normal 0.064591 -0.997912 0.000000
    outer loop
      vertex 0.00000 10.00020 0.00000
      vertex -0.26110 9.98330 3.20000
      vertex -0.26110 9.98330 0.00000
    endloop
  endfacet
  facet normal 0.000000 0.000000 -1.000000
    outer loop
      vertex 0.00000 10.00020 3.20000
      vertex -0.13050 8.99160 3.20000
      vertex -0.26110 9.98330 3.20000
    endloop
  endfacet
  facet normal 0.000000 0.000000 -1.000000
    outer loop
      vertex -0.13050 8.99160 3.20000
      vertex 0.00000 10.00020 3.20000
      vertex 0.00000 9.00010 3.20000
    endloop
  endfacet
  facet normal 0.000000 0.000000 -1.000000
    outer loop
      vertex 0.00000 9.00010 3.20000
      vertex 0.26110 9.98330 3.20000
      vertex 0.13050 8.99160 3.20000
    endloop
  endfacet
  facet normal -0.195675 -0.980669 0.000000
    outer loop
      vertex 0.51770 9.93210 0.00000
      vertex 0.26110 9.98330 3.20000
      vertex 0.26110 9.98330 0.00000
    endloop
  endfacet
  facet normal -0.321039 -0.947066 0.000000
    outer loop
      vertex 0.76550 9.84810 0.00000
      vertex 0.51770 9.93210 3.20000
      vertex 0.51770 9.93210 0.00000
    endloop
  endfacet
  facet normal 0.000000 0.000000 -1.000000
    outer loop
      vertex 0.76550 9.84810 3.20000
      vertex 0.25880 8.96600 3.20000
      vertex 0.51770 9.93210 3.20000
    endloop
  endfacet
  facet normal 0.000000 0.000000 -1.000000
    outer loop
      vertex 0.25880 8.96600 3.20000
      vertex 0.76550 9.84810 3.20000
      vertex 0.38270 8.92400 3.20000
    endloop
  endfacet
  facet normal 0.000000 0.000000 -1.000000
    outer loop
      vertex 0.38270 8.92400 3.20000
      vertex 1.00010 9.73220 3.20000
      vertex 0.50010 8.86610 3.20000
    endloop
  endfacet
  facet normal -0.555582 -0.831462 0.000000
    outer loop
      vertex 1.21770 9.58680 0.00000
      vertex 1.00010 9.73220 3.20000
      vertex 1.00010 9.73220 0.00000
    endloop
  endfacet
  facet normal -0.659127 -0.752032 0.000000
    outer loop
      vertex 1.41440 9.41440 0.00000
      vertex 1.21770 9.58680 3.20000
      vertex 1.21770 9.58680 0.00000
    endloop
  endfacet
  facet normal -0.659127 -0.752032 0.000000
    outer loop
      vertex 1.21770 9.58680 3.20000
      vertex 1.41440 9.41440 0.00000
      vertex 1.41440 9.41440 3.20000
    endloop
  endfacet
  facet normal 0.000000 0.000000 -1.000000
    outer loop
      vertex 1.58680 9.21770 3.20000
      vertex 0.70720 8.70720 3.20000
      vertex 1.41440 9.41440 3.20000
    endloop
  endfacet
  facet normal 0.000000 0.000000 1.000000
    outer loop
      vertex 1.41440 9.41440 0.00000
      vertex 2.80000 9.60000 0.00000
      vertex 1.60000 9.60000 0.00000
    endloop
  endfacet
  facet normal 0.000000 0.000000 1.000000
    outer loop
      vertex 2.00000 8.00000 0.00000
      vertex 2.80000 9.60000 0.00000
      vertex 1.84760 8.76520 0.00000
    endloop
  endfacet
  facet normal -1.000000 0.000000 0.000000
    outer loop
      vertex 2.80000 9.60000 0.00000
      vertex 2.80000 6.40000 1.60000
      vertex 2.80000 9.60000 1.60000
    endloop
  endfacet
  facet normal 0.000000 0.000000 1.000000
    outer loop
      vertex 1.60000 -5.05840 1.60000
      vertex 2.80000 6.40000 1.60000
      vertex 1.60000 5.20000 1.60000
    endloop
  endfacet
  facet normal -0.555845 -0.831286 0.000000
    outer loop
      vertex 1.60000 -5.05840 1.60000
      vertex 2.40400 -5.59600 0.00000
      vertex 2.40400 -5.59600 1.60000
    endloop
  endfacet
  facet normal 0.000000 0.000000 1.000000
    outer loop
      vertex 1.41440 -6.58600 0.00000
      vertex 3.14120 -6.69880 0.00000
      vertex 2.40400 -5.59600 0.00000
    endloop
  endfacet
  facet normal 0.000000 0.000000 1.000000
    outer loop
      vertex 1.84760 -7.23480 0.00000
      vertex 3.40000 -8.00000 0.00000
      vertex 3.14120 -6.69880 0.00000
    endloop
  endfacet
  facet normal 0.000000 0.000000 1.000000
    outer loop
      vertex 2.00000 -8.00000 0.00000
      vertex 3.14120 -9.30120 0.00000
      vertex 3.40000 -8.00000 0.00000
    endloop
  endfacet
  facet normal 0.000000 0.000000 1.000000
    outer loop
      vertex 1.84760 -8.76520 0.00000
      vertex 2.40400 -10.40400 0.00000
      vertex 3.14120 -9.30120 0.00000
    endloop
  endfacet
  facet normal 0.000000 0.000000 1.000000
    outer loop
      vertex 1.41440 -9.41440 0.00000
      vertex 1.60000 -10.94160 0.00000
      vertex 2.40400 -10.40400 0.00000
    endloop
  endfacet
  facet normal 0.000000 0.000000 1.000000
    outer loop
      vertex 0.76520 -9.84760 0.00000
      vertex 0.00000 -12.00000 0.00000
      vertex 1.60000 -10.94160 0.00000
    endloop
  endfacet
  facet normal 0.707107 0.707107 0.000000
    outer loop
      vertex 0.00000 -12.00000 0.00000
      vertex -1.17160 -10.82840 3.20000
      vertex 0.00000 -12.00000 3.20000
    endloop
  endfacet
  facet normal 0.000000 0.000000 -1.000000
    outer loop
      vertex -0.76520 -9.84760 3.20000
      vertex 0.00000 -12.00000 3.20000
      vertex -1.17160 -10.82840 3.20000
    endloop
  endfacet
  facet normal -0.321156 -0.947026 0.000000
    outer loop
      vertex -0.51750 -9.93160 3.20000
      vertex -0.76520 -9.84760 3.20000
      vertex -0.76520 -9.84760 0.00000
    endloop
  endfacet
  facet normal 0.000000 0.000000 1.000000
    outer loop
      vertex -1.17160 -10.82840 0.00000
      vertex 0.00000 -10.00000 0.00000
      vertex -0.76520 -9.84760 0.00000
    endloop
  endfacet
  facet normal -0.194940 -0.980815 0.000000
    outer loop
      vertex -0.26090 -9.98260 3.20000
      vertex -0.51750 -9.93160 3.20000
      vertex -0.51750 -9.93160 0.00000
    endloop
  endfacet
  facet normal -0.065758 -0.997836 0.000000
    outer loop
      vertex 0.00010 -9.99980 3.20000
      vertex -0.26090 -9.98260 3.20000
      vertex -0.26090 -9.98260 0.00000
    endloop
  endfacet
  facet normal 0.065758 -0.997836 0.000000
    outer loop
      vertex 0.26110 -9.98260 3.20000
      vertex 0.00010 -9.99980 3.20000
      vertex 0.00010 -9.99980 0.00000
    endloop
  endfacet
  facet normal 0.194572 -0.980888 0.000000
    outer loop
      vertex 0.51770 -9.93170 3.20000
      vertex 0.26110 -9.98260 3.20000
      vertex 0.26110 -9.98260 0.00000
    endloop
  endfacet
  facet normal 0.321841 -0.946794 0.000000
    outer loop
      vertex 0.76540 -9.84750 3.20000
      vertex 0.51770 -9.93170 3.20000
      vertex 0.51770 -9.93170 0.00000
    endloop
  endfacet
  facet normal 0.442006 -0.897012 0.000000
    outer loop
      vertex 1.00000 -9.73190 3.20000
      vertex 0.76540 -9.84750 3.20000
      vertex 0.76540 -9.84750 0.00000
    endloop
  endfacet
  facet normal 0.555935 -0.831226 0.000000
    outer loop
      vertex 1.21740 -9.58650 3.20000
      vertex 1.00000 -9.73190 3.20000
      vertex 1.00000 -9.73190 0.00000
    endloop
  endfacet
  facet normal 0.659154 -0.752008 0.000000
    outer loop
      vertex 1.41420 -9.41400 3.20000
      vertex 1.21740 -9.58650 3.20000
      vertex 1.21740 -9.58650 0.00000
    endloop
  endfacet
  facet normal 0.752032 -0.659127 0.000000
    outer loop
      vertex 1.58660 -9.21730 3.20000
      vertex 1.41420 -9.41400 3.20000
      vertex 1.41420 -9.41400 0.00000
    endloop
  endfacet
  facet normal 0.831638 -0.555317 0.000000
    outer loop
      vertex 1.73190 -8.99970 3.20000
      vertex 1.58660 -9.21730 3.20000
      vertex 1.58660 -9.21730 0.00000
    endloop
  endfacet
  facet normal 0.896786 -0.442465 0.000000
    outer loop
      vertex 1.84760 -8.76520 3.20000
      vertex 1.73190 -8.99970 3.20000
      vertex 1.73190 -8.99970 0.00000
    endloop
  endfacet
  facet normal 0.831638 -0.555317 0.000000
    outer loop
      vertex 1.58660 -9.21730 0.00000
      vertex 1.73190 -8.99970 0.00000
      vertex 1.73190 -8.99970 3.20000
    endloop
  endfacet
  facet normal 0.752032 -0.659127 0.000000
    outer loop
      vertex 1.41420 -9.41400 0.00000
      vertex 1.58660 -9.21730 0.00000
      vertex 1.58660 -9.21730 3.20000
    endloop
  endfacet
  facet normal 0.659154 -0.752008 0.000000
    outer loop
      vertex 1.21740 -9.58650 0.00000
      vertex 1.41420 -9.41400 0.00000
      vertex 1.41420 -9.41400 3.20000
    endloop
  endfacet
  facet normal 0.555935 -0.831226 0.000000
    outer loop
      vertex 1.00000 -9.73190 0.00000
      vertex 1.21740 -9.58650 0.00000
      vertex 1.21740 -9.58650 3.20000
    endloop
  endfacet
  facet normal 0.442006 -0.897012 0.000000
    outer loop
      vertex 0.76540 -9.84750 0.00000
      vertex 1.00000 -9.73190 0.00000
      vertex 1.00000 -9.73190 3.20000
    endloop
  endfacet
  facet normal 0.321841 -0.946794 0.000000
    outer loop
      vertex 0.51770 -9.93170 0.00000
      vertex 0.76540 -9.84750 0.00000
      vertex 0.76540 -9.84750 3.20000
    endloop
  endfacet
  facet normal 0.194572 -0.980888 0.000000
    outer loop
      vertex 0.26110 -9.98260 0.00000
      vertex 0.51770 -9.93170 0.00000
      vertex 0.51770 -9.93170 3.20000
    endloop
  endfacet
  facet normal 0.065758 -0.997836 0.000000
    outer loop
      vertex 0.00010 -9.99980 0.00000
      vertex 0.26110 -9.98260 0.00000
      vertex 0.26110 -9.98260 3.20000
    endloop
  endfacet
  facet normal -0.065758 -0.997836 0.000000
    outer loop
      vertex -0.26090 -9.98260 0.00000
      vertex 0.00010 -9.99980 0.00000
      vertex 0.00010 -9.99980 3.20000
    endloop
  endfacet
  facet normal -0.194940 -0.980815 0.000000
    outer loop
      vertex -0.51750 -9.93160 0.00000
      vertex -0.26090 -9.98260 0.00000
      vertex -0.26090 -9.98260 3.20000
    endloop
  endfacet
  facet normal -0.321156 -0.947026 0.000000
    outer loop
      vertex -0.76520 -9.84760 0.00000
      vertex -0.51750 -9.93160 0.00000
      vertex -0.51750 -9.93160 3.20000
    endloop
  endfacet
  facet normal 0.000000 0.000000 -1.000000
    outer loop
      vertex 0.00000 -12.00000 3.20000
      vertex -0.76520 -9.84760 3.20000
      vertex 0.00000 -10.00000 3.20000
    endloop
  endfacet
  facet normal 0.707107 0.707107 0.000000
    outer loop
      vertex -1.17160 -10.82840 3.20000
      vertex 0.00000 -12.00000 0.00000
      vertex -1.17160 -10.82840 0.00000
    endloop
  endfacet
  facet normal 0.000000 0.000000 1.000000
    outer loop
      vertex 0.00000 -10.00000 0.00000
      vertex -1.17160 -10.82840 0.00000
      vertex 0.00000 -12.00000 0.00000
    endloop
  endfacet
  facet normal 0.000000 0.000000 1.000000
    outer loop
      vertex 0.00000 -12.00000 0.00000
      vertex 0.76520 -9.84760 0.00000
      vertex 0.00000 -10.00000 0.00000
    endloop
  endfacet
  facet normal 0.000000 0.000000 1.000000
    outer loop
      vertex 0.00000 -16.80000 0.00000
      vertex 1.60000 -10.94160 0.00000
      vertex 0.00000 -12.00000 0.00000
    endloop
  endfacet
  facet normal -0.555845 0.831286 0.000000
    outer loop
      vertex 2.40400 -10.40400 1.60000
      vertex 1.60000 -10.94160 0.00000
      vertex 1.60000 -10.94160 1.60000
    endloop
  endfacet
  facet normal 0.000000 0.000000 1.000000
    outer loop
      vertex 6.40000 -15.60000 1.60000
      vertex 1.60000 -10.94160 1.60000
      vertex 1.60000 -15.60000 1.60000
    endloop
  endfacet
  facet normal 0.000000 0.000000 1.000000
    outer loop
      vertex 6.40000 -15.60000 1.60000
      vertex 3.40000 -8.00000 1.60000
      vertex 3.14120 -9.30120 1.60000
    endloop
  endfacet
  facet normal 0.000000 0.000000 1.000000
    outer loop
      vertex 6.40000 -15.60000 1.60000
      vertex 3.14120 -6.69880 1.60000
      vertex 3.40000 -8.00000 1.60000
    endloop
  endfacet
  facet normal 0.000000 0.000000 1.000000
    outer loop
      vertex 1.60000 -10.94160 1.60000
      vertex 6.40000 -15.60000 1.60000
      vertex 2.40400 -10.40400 1.60000
    endloop
  endfacet
  facet normal 0.000000 0.000000 1.000000
    outer loop
      vertex 6.40000 -15.60000 1.60000
      vertex 3.14120 -9.30120 1.60000
      vertex 2.40400 -10.40400 1.60000
    endloop
  endfacet
  facet normal 0.000000 0.000000 1.000000
    outer loop
      vertex 1.60000 -10.94160 0.00000
      vertex 1.41440 -9.41440 0.00000
      vertex 0.76520 -9.84760 0.00000
    endloop
  endfacet
  facet normal -0.752131 0.659014 0.000000
    outer loop
      vertex 2.40400 -10.40400 0.00000
      vertex 2.69700 -10.06960 1.60000
      vertex 2.69700 -10.06960 0.00000
    endloop
  endfacet
  facet normal -0.831288 0.555841 0.000000
    outer loop
      vertex 2.69700 -10.06960 0.00000
      vertex 2.94420 -9.69990 1.60000
      vertex 2.94420 -9.69990 0.00000
    endloop
  endfacet
  facet normal -0.896708 0.442622 0.000000
    outer loop
      vertex 2.94420 -9.69990 0.00000
      vertex 3.14110 -9.30100 1.60000
      vertex 3.14110 -9.30100 0.00000
    endloop
  endfacet
  facet normal -0.947029 0.321149 0.000000
    outer loop
      vertex 3.14110 -9.30100 0.00000
      vertex 3.28390 -8.87990 1.60000
      vertex 3.28390 -8.87990 0.00000
    endloop
  endfacet
  facet normal -0.980676 0.195640 0.000000
    outer loop
      vertex 3.28390 -8.87990 0.00000
      vertex 3.37090 -8.44380 1.60000
      vertex 3.37090 -8.44380 0.00000
    endloop
  endfacet
  facet normal -0.997901 0.064758 0.000000
    outer loop
      vertex 3.37090 -8.44380 0.00000
      vertex 3.39970 -8.00000 1.60000
      vertex 3.39970 -8.00000 0.00000
    endloop
  endfacet
  facet normal -0.997901 -0.064758 0.000000
    outer loop
      vertex 3.39970 -8.00000 0.00000
      vertex 3.37090 -7.55620 1.60000
      vertex 3.37090 -7.55620 0.00000
    endloop
  endfacet
  facet normal -0.980676 -0.195640 0.000000
    outer loop
      vertex 3.37090 -7.55620 0.00000
      vertex 3.28390 -7.12010 1.60000
      vertex 3.28390 -7.12010 0.00000
    endloop
  endfacet
  facet normal -0.947029 -0.321149 0.000000
    outer loop
      vertex 3.28390 -7.12010 0.00000
      vertex 3.14110 -6.69900 1.60000
      vertex 3.14110 -6.69900 0.00000
    endloop
  endfacet
  facet normal -0.896708 -0.442622 0.000000
    outer loop
      vertex 3.14110 -6.69900 0.00000
      vertex 2.94420 -6.30010 1.60000
      vertex 2.94420 -6.30010 0.00000
    endloop
  endfacet
  facet normal -0.831288 -0.555841 0.000000
    outer loop
      vertex 2.94420 -6.30010 0.00000
      vertex 2.69700 -5.93040 1.60000
      vertex 2.69700 -5.93040 0.00000
    endloop
  endfacet
  facet normal -0.831288 -0.555841 0.000000
    outer loop
      vertex 2.69700 -5.93040 1.60000
      vertex 2.94420 -6.30010 0.00000
      vertex 2.94420 -6.30010 1.60000
    endloop
  endfacet
  facet normal -0.896708 -0.442622 0.000000
    outer loop
      vertex 2.94420 -6.30010 1.60000
      vertex 3.14110 -6.69900 0.00000
      vertex 3.14110 -6.69900 1.60000
    endloop
  endfacet
  facet normal -0.947029 -0.321149 0.000000
    outer loop
      vertex 3.14110 -6.69900 1.60000
      vertex 3.28390 -7.12010 0.00000
      vertex 3.28390 -7.12010 1.60000
    endloop
  endfacet
  facet normal -0.980676 -0.195640 0.000000
    outer loop
      vertex 3.28390 -7.12010 1.60000
      vertex 3.37090 -7.55620 0.00000
      vertex 3.37090 -7.55620 1.60000
    endloop
  endfacet
  facet normal -0.997901 -0.064758 0.000000
    outer loop
      vertex 3.37090 -7.55620 1.60000
      vertex 3.39970 -8.00000 0.00000
      vertex 3.39970 -8.00000 1.60000
    endloop
  endfacet
  facet normal -0.997901 0.064758 0.000000
    outer loop
      vertex 3.39970 -8.00000 1.60000
      vertex 3.37090 -8.44380 0.00000
      vertex 3.37090 -8.44380 1.60000
    endloop
  endfacet
  facet normal -0.980676 0.195640 0.000000
    outer loop
      vertex 3.37090 -8.44380 1.60000
      vertex 3.28390 -8.87990 0.00000
      vertex 3.28390 -8.87990 1.60000
    endloop
  endfacet
  facet normal -0.947029 0.321149 0.000000
    outer loop
      vertex 3.28390 -8.87990 1.60000
      vertex 3.14110 -9.30100 0.00000
      vertex 3.14110 -9.30100 1.60000
    endloop
  endfacet
  facet normal -0.896708 0.442622 0.000000
    outer loop
      vertex 3.14110 -9.30100 1.60000
      vertex 2.94420 -9.69990 0.00000
      vertex 2.94420 -9.69990 1.60000
    endloop
  endfacet
  facet normal -0.831288 0.555841 0.000000
    outer loop
      vertex 2.94420 -9.69990 1.60000
      vertex 2.69700 -10.06960 0.00000
      vertex 2.69700 -10.06960 1.60000
    endloop
  endfacet
  facet normal -0.752131 0.659014 0.000000
    outer loop
      vertex 2.69700 -10.06960 1.60000
      vertex 2.40400 -10.40400 0.00000
      vertex 2.40400 -10.40400 1.60000
    endloop
  endfacet
  facet normal -0.555845 0.831286 0.000000
    outer loop
      vertex 1.60000 -10.94160 0.00000
      vertex 2.40400 -10.40400 1.60000
      vertex 2.40400 -10.40400 0.00000
    endloop
  endfacet
  facet normal 0.947026 -0.321156 0.000000
    outer loop
      vertex 1.84760 -8.76520 0.00000
      vertex 1.93160 -8.51750 0.00000
      vertex 1.93160 -8.51750 3.20000
    endloop
  endfacet
  facet normal 0.980815 -0.194940 0.000000
    outer loop
      vertex 1.93160 -8.51750 0.00000
      vertex 1.98260 -8.26090 0.00000
      vertex 1.98260 -8.26090 3.20000
    endloop
  endfacet
  facet normal 0.997836 -0.065758 0.000000
    outer loop
      vertex 1.98260 -8.26090 0.00000
      vertex 1.99980 -7.99990 0.00000
      vertex 1.99980 -7.99990 3.20000
    endloop
  endfacet
  facet normal 0.997836 0.065758 0.000000
    outer loop
      vertex 1.99980 -7.99990 0.00000
      vertex 1.98260 -7.73890 0.00000
      vertex 1.98260 -7.73890 3.20000
    endloop
  endfacet
  facet normal 0.980888 0.194572 0.000000
    outer loop
      vertex 1.98260 -7.73890 0.00000
      vertex 1.93170 -7.48230 0.00000
      vertex 1.93170 -7.48230 3.20000
    endloop
  endfacet
  facet normal 0.946794 0.321841 0.000000
    outer loop
      vertex 1.93170 -7.48230 0.00000
      vertex 1.84750 -7.23460 0.00000
      vertex 1.84750 -7.23460 3.20000
    endloop
  endfacet
  facet normal 0.897012 0.442006 0.000000
    outer loop
      vertex 1.84750 -7.23460 0.00000
      vertex 1.73190 -7.00000 0.00000
      vertex 1.73190 -7.00000 3.20000
    endloop
  endfacet
  facet normal 0.831226 0.555935 0.000000
    outer loop
      vertex 1.73190 -7.00000 0.00000
      vertex 1.58650 -6.78260 0.00000
      vertex 1.58650 -6.78260 3.20000
    endloop
  endfacet
  facet normal 0.752008 0.659154 0.000000
    outer loop
      vertex 1.58650 -6.78260 0.00000
      vertex 1.41400 -6.58580 0.00000
      vertex 1.41400 -6.58580 3.20000
    endloop
  endfacet
  facet normal 0.659127 0.752032 0.000000
    outer loop
      vertex 1.41400 -6.58580 0.00000
      vertex 1.21730 -6.41340 0.00000
      vertex 1.21730 -6.41340 3.20000
    endloop
  endfacet
  facet normal 0.555317 0.831638 0.000000
    outer loop
      vertex 1.21730 -6.41340 0.00000
      vertex 0.99970 -6.26810 0.00000
      vertex 0.99970 -6.26810 3.20000
    endloop
  endfacet
  facet normal 0.442465 0.896786 0.000000
    outer loop
      vertex 0.99970 -6.26810 0.00000
      vertex 0.76520 -6.15240 0.00000
      vertex 0.76520 -6.15240 3.20000
    endloop
  endfacet
  facet normal 0.321156 0.947026 0.000000
    outer loop
      vertex 0.76520 -6.15240 0.00000
      vertex 0.51750 -6.06840 0.00000
      vertex 0.51750 -6.06840 3.20000
    endloop
  endfacet
  facet normal 0.194940 0.980815 0.000000
    outer loop
      vertex 0.51750 -6.06840 0.00000
      vertex 0.26090 -6.01740 0.00000
      vertex 0.26090 -6.01740 3.20000
    endloop
  endfacet
  facet normal 0.065758 0.997836 0.000000
    outer loop
      vertex 0.26090 -6.01740 0.00000
      vertex -0.00010 -6.00020 0.00000
      vertex -0.00010 -6.00020 3.20000
    endloop
  endfacet
  facet normal -0.065758 0.997836 0.000000
    outer loop
      vertex -0.00010 -6.00020 0.00000
      vertex -0.26110 -6.01740 0.00000
      vertex -0.26110 -6.01740 3.20000
    endloop
  endfacet
  facet normal -0.194572 0.980888 0.000000
    outer loop
      vertex -0.26110 -6.01740 0.00000
      vertex -0.51770 -6.06830 0.00000
      vertex -0.51770 -6.06830 3.20000
    endloop
  endfacet
  facet normal -0.321841 0.946794 0.000000
    outer loop
      vertex -0.51770 -6.06830 0.00000
      vertex -0.76540 -6.15250 0.00000
      vertex -0.76540 -6.15250 3.20000
    endloop
  endfacet
  facet normal -0.321841 0.946794 0.000000
    outer loop
      vertex -0.76540 -6.15250 3.20000
      vertex -0.51770 -6.06830 3.20000
      vertex -0.51770 -6.06830 0.00000
    endloop
  endfacet
  facet normal -0.194572 0.980888 0.000000
    outer loop
      vertex -0.51770 -6.06830 3.20000
      vertex -0.26110 -6.01740 3.20000
      vertex -0.26110 -6.01740 0.00000
    endloop
  endfacet
  facet normal -0.065758 0.997836 0.000000
    outer loop
      vertex -0.26110 -6.01740 3.20000
      vertex -0.00010 -6.00020 3.20000
      vertex -0.00010 -6.00020 0.00000
    endloop
  endfacet
  facet normal 0.065758 0.997836 0.000000
    outer loop
      vertex -0.00010 -6.00020 3.20000
      vertex 0.26090 -6.01740 3.20000
      vertex 0.26090 -6.01740 0.00000
    endloop
  endfacet
  facet normal 0.194940 0.980815 0.000000
    outer loop
      vertex 0.26090 -6.01740 3.20000
      vertex 0.51750 -6.06840 3.20000
      vertex 0.51750 -6.06840 0.00000
    endloop
  endfacet
  facet normal 0.321156 0.947026 0.000000
    outer loop
      vertex 0.51750 -6.06840 3.20000
      vertex 0.76520 -6.15240 3.20000
      vertex 0.76520 -6.15240 0.00000
    endloop
  endfacet
  facet normal 0.442465 0.896786 0.000000
    outer loop
      vertex 0.76520 -6.15240 3.20000
      vertex 0.99970 -6.26810 3.20000
      vertex 0.99970 -6.26810 0.00000
    endloop
  endfacet
  facet normal 0.555317 0.831638 0.000000
    outer loop
      vertex 0.99970 -6.26810 3.20000
      vertex 1.21730 -6.41340 3.20000
      vertex 1.21730 -6.41340 0.00000
    endloop
  endfacet
  facet normal 0.659127 0.752032 0.000000
    outer loop
      vertex 1.21730 -6.41340 3.20000
      vertex 1.41400 -6.58580 3.20000
      vertex 1.41400 -6.58580 0.00000
    endloop
  endfacet
  facet normal 0.752008 0.659154 0.000000
    outer loop
      vertex 1.41400 -6.58580 3.20000
      vertex 1.58650 -6.78260 3.20000
      vertex 1.58650 -6.78260 0.00000
    endloop
  endfacet
  facet normal 0.831226 0.555935 0.000000
    outer loop
      vertex 1.58650 -6.78260 3.20000
      vertex 1.73190 -7.00000 3.20000
      vertex 1.73190 -7.00000 0.00000
    endloop
  endfacet
  facet normal 0.897012 0.442006 0.000000
    outer loop
      vertex 1.73190 -7.00000 3.20000
      vertex 1.84750 -7.23460 3.20000
      vertex 1.84750 -7.23460 0.00000
    endloop
  endfacet
  facet normal 0.946794 0.321841 0.000000
    outer loop
      vertex 1.84750 -7.23460 3.20000
      vertex 1.93170 -7.48230 3.20000
      vertex 1.93170 -7.48230 0.00000
    endloop
  endfacet
  facet normal 0.980888 0.194572 0.000000
    outer loop
      vertex 1.93170 -7.48230 3.20000
      vertex 1.98260 -7.73890 3.20000
      vertex 1.98260 -7.73890 0.00000
    endloop
  endfacet
  facet normal 0.997836 0.065758 0.000000
    outer loop
      vertex 1.98260 -7.73890 3.20000
      vertex 1.99980 -7.99990 3.20000
      vertex 1.99980 -7.99990 0.00000
    endloop
  endfacet
  facet normal 0.997836 -0.065758 0.000000
    outer loop
      vertex 1.99980 -7.99990 3.20000
      vertex 1.98260 -8.26090 3.20000
      vertex 1.98260 -8.26090 0.00000
    endloop
  endfacet
  facet normal 0.980815 -0.194940 0.000000
    outer loop
      vertex 1.98260 -8.26090 3.20000
      vertex 1.93160 -8.51750 3.20000
      vertex 1.93160 -8.51750 0.00000
    endloop
  endfacet
  facet normal 0.947026 -0.321156 0.000000
    outer loop
      vertex 1.93160 -8.51750 3.20000
      vertex 1.84760 -8.76520 3.20000
      vertex 1.84760 -8.76520 0.00000
    endloop
  endfacet
  facet normal 0.896786 -0.442465 0.000000
    outer loop
      vertex 1.73190 -8.99970 0.00000
      vertex 1.84760 -8.76520 0.00000
      vertex 1.84760 -8.76520 3.20000
    endloop
  endfacet
  facet normal 0.000000 0.000000 1.000000
    outer loop
      vertex 2.40400 -10.40400 0.00000
      vertex 1.84760 -8.76520 0.00000
      vertex 1.41440 -9.41440 0.00000
    endloop
  endfacet
  facet normal 0.000000 0.000000 1.000000
    outer loop
      vertex 3.14120 -9.30120 0.00000
      vertex 2.00000 -8.00000 0.00000
      vertex 1.84760 -8.76520 0.00000
    endloop
  endfacet
  facet normal 0.000000 0.000000 1.000000
    outer loop
      vertex 3.40000 -8.00000 0.00000
      vertex 1.84760 -7.23480 0.00000
      vertex 2.00000 -8.00000 0.00000
    endloop
  endfacet
  facet normal 0.000000 0.000000 1.000000
    outer loop
      vertex 3.14120 -6.69880 0.00000
      vertex 1.41440 -6.58600 0.00000
      vertex 1.84760 -7.23480 0.00000
    endloop
  endfacet
  facet normal 0.000000 0.000000 1.000000
    outer loop
      vertex 2.40400 -5.59600 0.00000
      vertex 0.76520 -6.15240 0.00000
      vertex 1.41440 -6.58600 0.00000
    endloop
  endfacet
  facet normal -0.752131 -0.659014 0.000000
    outer loop
      vertex 2.69700 -5.93040 0.00000
      vertex 2.40400 -5.59600 1.60000
      vertex 2.40400 -5.59600 0.00000
    endloop
  endfacet
  facet normal -0.752131 -0.659014 0.000000
    outer loop
      vertex 2.40400 -5.59600 1.60000
      vertex 2.69700 -5.93040 0.00000
      vertex 2.69700 -5.93040 1.60000
    endloop
  endfacet
  facet normal 0.000000 0.000000 1.000000
    outer loop
      vertex 2.80000 6.40000 1.60000
      vertex 1.60000 -5.05840 1.60000
      vertex 2.40400 -5.59600 1.60000
    endloop
  endfacet
  facet normal 0.000000 0.000000 1.000000
    outer loop
      vertex 2.80000 6.40000 1.60000
      vertex 2.40400 -5.59600 1.60000
      vertex 3.14120 -6.69880 1.60000
    endloop
  endfacet
  facet normal 0.000000 0.000000 1.000000
    outer loop
      vertex 3.14120 -6.69880 1.60000
      vertex 6.40000 -15.60000 1.60000
      vertex 2.80000 6.40000 1.60000
    endloop
  endfacet
  facet normal 0.000000 0.000000 1.000000
    outer loop
      vertex 6.40000 15.60000 1.60000
      vertex 2.80000 6.40000 1.60000
      vertex 6.40000 -15.60000 1.60000
    endloop
  endfacet
  facet normal 0.000000 0.000000 1.000000
    outer loop
      vertex 1.60000 10.80000 1.60000
      vertex 6.40000 15.60000 1.60000
      vertex 1.60000 15.60000 1.60000
    endloop
  endfacet
  facet normal 0.000000 0.000000 1.000000
    outer loop
      vertex 2.80000 6.40000 1.60000
      vertex 6.40000 15.60000 1.60000
      vertex 2.80000 9.60000 1.60000
    endloop
  endfacet
  facet normal 0.000000 0.000000 1.000000
    outer loop
      vertex 6.40000 15.60000 1.60000
      vertex 1.60000 10.80000 1.60000
      vertex 2.80000 9.60000 1.60000
    endloop
  endfacet
  facet normal 0.000000 0.000000 1.000000
    outer loop
      vertex 1.60000 9.60000 0.00000
      vertex 2.80000 9.60000 0.00000
      vertex 1.60000 10.40000 0.00000
    endloop
  endfacet
  facet normal 0.000000 0.000000 1.000000
    outer loop
      vertex 2.80000 9.60000 0.00000
      vertex 1.41440 9.41440 0.00000
      vertex 1.84760 8.76520 0.00000
    endloop
  endfacet
  facet normal -0.555582 -0.831462 0.000000
    outer loop
      vertex 1.00010 9.73220 3.20000
      vertex 1.21770 9.58680 0.00000
      vertex 1.21770 9.58680 3.20000
    endloop
  endfacet
  facet normal 0.000000 0.000000 -1.000000
    outer loop
      vertex 1.21770 9.58680 3.20000
      vertex 0.50010 8.86610 3.20000
      vertex 1.00010 9.73220 3.20000
    endloop
  endfacet
  facet normal 0.000000 0.000000 -1.000000
    outer loop
      vertex 1.00010 9.73220 3.20000
      vertex 0.38270 8.92400 3.20000
      vertex 0.76550 9.84810 3.20000
    endloop
  endfacet
  facet normal -0.442928 -0.896557 0.000000
    outer loop
      vertex 0.76550 9.84810 3.20000
      vertex 1.00010 9.73220 0.00000
      vertex 1.00010 9.73220 3.20000
    endloop
  endfacet
  facet normal -0.321039 -0.947066 0.000000
    outer loop
      vertex 0.51770 9.93210 3.20000
      vertex 0.76550 9.84810 0.00000
      vertex 0.76550 9.84810 3.20000
    endloop
  endfacet
  facet normal -0.442928 -0.896557 0.000000
    outer loop
      vertex 1.00010 9.73220 0.00000
      vertex 0.76550 9.84810 3.20000
      vertex 0.76550 9.84810 0.00000
    endloop
  endfacet
  facet normal -0.195675 -0.980669 0.000000
    outer loop
      vertex 0.26110 9.98330 3.20000
      vertex 0.51770 9.93210 0.00000
      vertex 0.51770 9.93210 3.20000
    endloop
  endfacet
  facet normal 0.000000 0.000000 -1.000000
    outer loop
      vertex 0.13050 8.99160 3.20000
      vertex 0.51770 9.93210 3.20000
      vertex 0.25880 8.96600 3.20000
    endloop
  endfacet
  facet normal 0.000000 0.000000 -1.000000
    outer loop
      vertex 0.51770 9.93210 3.20000
      vertex 0.13050 8.99160 3.20000
      vertex 0.26110 9.98330 3.20000
    endloop
  endfacet
  facet normal 0.000000 0.000000 -1.000000
    outer loop
      vertex 0.26110 9.98330 3.20000
      vertex 0.00000 9.00010 3.20000
      vertex 0.00000 10.00020 3.20000
    endloop
  endfacet
  facet normal -0.064591 -0.997912 0.000000
    outer loop
      vertex 0.00000 10.00020 3.20000
      vertex 0.26110 9.98330 0.00000
      vertex 0.26110 9.98330 3.20000
    endloop
  endfacet
  facet normal 0.064591 -0.997912 0.000000
    outer loop
      vertex -0.26110 9.98330 3.20000
      vertex 0.00000 10.00020 0.00000
      vertex 0.00000 10.00020 3.20000
    endloop
  endfacet
  facet normal -0.064591 -0.997912 0.000000
    outer loop
      vertex 0.26110 9.98330 0.00000
      vertex 0.00000 10.00020 3.20000
      vertex 0.00000 10.00020 0.00000
    endloop
  endfacet
  facet normal 0.195675 -0.980669 0.000000
    outer loop
      vertex -0.51770 9.93210 3.20000
      vertex -0.26110 9.98330 0.00000
      vertex -0.26110 9.98330 3.20000
    endloop
  endfacet
  facet normal 0.000000 0.000000 -1.000000
    outer loop
      vertex -0.25880 8.96600 3.20000
      vertex -0.26110 9.98330 3.20000
      vertex -0.13050 8.99160 3.20000
    endloop
  endfacet
  facet normal 0.000000 0.000000 -1.000000
    outer loop
      vertex -0.26110 9.98330 3.20000
      vertex -0.25880 8.96600 3.20000
      vertex -0.51770 9.93210 3.20000
    endloop
  endfacet
  facet normal 0.000000 0.000000 -1.000000
    outer loop
      vertex -0.51770 9.93210 3.20000
      vertex -0.38270 8.92400 3.20000
      vertex -0.76550 9.84810 3.20000
    endloop
  endfacet
  facet normal 0.321039 -0.947066 0.000000
    outer loop
      vertex -0.76550 9.84810 3.20000
      vertex -0.51770 9.93210 0.00000
      vertex -0.51770 9.93210 3.20000
    endloop
  endfacet
  facet normal 0.442928 -0.896557 0.000000
    outer loop
      vertex -1.00010 9.73220 3.20000
      vertex -0.76550 9.84810 0.00000
      vertex -0.76550 9.84810 3.20000
    endloop
  endfacet
  facet normal 0.321039 -0.947066 0.000000
    outer loop
      vertex -0.51770 9.93210 0.00000
      vertex -0.76550 9.84810 3.20000
      vertex -0.76550 9.84810 0.00000
    endloop
  endfacet
  facet normal 0.555582 -0.831462 0.000000
    outer loop
      vertex -1.21770 9.58680 3.20000
      vertex -1.00010 9.73220 0.00000
      vertex -1.00010 9.73220 3.20000
    endloop
  endfacet
  facet normal 0.659127 -0.752032 0.000000
    outer loop
      vertex -1.41440 9.41440 3.20000
      vertex -1.21770 9.58680 0.00000
      vertex -1.21770 9.58680 3.20000
    endloop
  endfacet
  facet normal 0.659127 -0.752032 0.000000
    outer loop
      vertex -1.21770 9.58680 0.00000
      vertex -1.41440 9.41440 3.20000
      vertex -1.41440 9.41440 0.00000
    endloop
  endfacet
  facet normal 0.831462 -0.555582 0.000000
    outer loop
      vertex -1.73220 9.00010 3.20000
      vertex -1.58680 9.21770 0.00000
      vertex -1.58680 9.21770 3.20000
    endloop
  endfacet
  facet normal 0.000000 0.000000 -1.000000
    outer loop
      vertex -1.58680 9.21770 3.20000
      vertex -0.86610 8.50010 3.20000
      vertex -1.73220 9.00010 3.20000
    endloop
  endfacet
  facet normal 0.000000 0.000000 -1.000000
    outer loop
      vertex -1.73220 9.00010 3.20000
      vertex -0.92400 8.38270 3.20000
      vertex -1.84810 8.76550 3.20000
    endloop
  endfacet
  facet normal 0.896557 -0.442928 0.000000
    outer loop
      vertex -1.84810 8.76550 3.20000
      vertex -1.73220 9.00010 0.00000
      vertex -1.73220 9.00010 3.20000
    endloop
  endfacet
  facet normal 0.947066 -0.321039 0.000000
    outer loop
      vertex -1.93210 8.51770 3.20000
      vertex -1.84810 8.76550 0.00000
      vertex -1.84810 8.76550 3.20000
    endloop
  endfacet
  facet normal 0.896557 -0.442928 0.000000
    outer loop
      vertex -1.73220 9.00010 0.00000
      vertex -1.84810 8.76550 3.20000
      vertex -1.84810 8.76550 0.00000
    endloop
  endfacet
  facet normal 0.980669 -0.195675 0.000000
    outer loop
      vertex -1.98330 8.26110 3.20000
      vertex -1.93210 8.51770 0.00000
      vertex -1.93210 8.51770 3.20000
    endloop
  endfacet
  facet normal 0.000000 0.000000 -1.000000
    outer loop
      vertex -0.99160 8.13050 3.20000
      vertex -1.93210 8.51770 3.20000
      vertex -0.96600 8.25880 3.20000
    endloop
  endfacet
  facet normal 0.000000 0.000000 -1.000000
    outer loop
      vertex -1.93210 8.51770 3.20000
      vertex -0.99160 8.13050 3.20000
      vertex -1.98330 8.26110 3.20000
    endloop
  endfacet
  facet normal 0.000000 0.000000 -1.000000
    outer loop
      vertex -1.98330 8.26110 3.20000
      vertex -1.00010 8.00000 3.20000
      vertex -2.00020 8.00000 3.20000
    endloop
  endfacet
  facet normal 0.997912 -0.064591 0.000000
    outer loop
      vertex -2.00020 8.00000 3.20000
      vertex -1.98330 8.26110 0.00000
      vertex -1.98330 8.26110 3.20000
    endloop
  endfacet
  facet normal 0.997912 0.064591 0.000000
    outer loop
      vertex -1.98330 7.73890 3.20000
      vertex -2.00020 8.00000 0.00000
      vertex -2.00020 8.00000 3.20000
    endloop
  endfacet
  facet normal 0.997912 -0.064591 0.000000
    outer loop
      vertex -1.98330 8.26110 0.00000
      vertex -2.00020 8.00000 3.20000
      vertex -2.00020 8.00000 0.00000
    endloop
  endfacet
  facet normal 0.980669 0.195675 0.000000
    outer loop
      vertex -1.93210 7.48230 3.20000
      vertex -1.98330 7.73890 0.00000
      vertex -1.98330 7.73890 3.20000
    endloop
  endfacet
  facet normal 0.000000 0.000000 -1.000000
    outer loop
      vertex -0.96600 7.74120 3.20000
      vertex -1.98330 7.73890 3.20000
      vertex -0.99160 7.86950 3.20000
    endloop
  endfacet
  facet normal 0.000000 0.000000 -1.000000
    outer loop
      vertex -1.98330 7.73890 3.20000
      vertex -0.96600 7.74120 3.20000
      vertex -1.93210 7.48230 3.20000
    endloop
  endfacet
  facet normal 0.000000 0.000000 -1.000000
    outer loop
      vertex -1.93210 7.48230 3.20000
      vertex -0.92400 7.61730 3.20000
      vertex -1.84810 7.23450 3.20000
    endloop
  endfacet
  facet normal 0.947066 0.321039 0.000000
    outer loop
      vertex -1.84810 7.23450 3.20000
      vertex -1.93210 7.48230 0.00000
      vertex -1.93210 7.48230 3.20000
    endloop
  endfacet
  facet normal 0.896557 0.442928 0.000000
    outer loop
      vertex -1.73220 6.99990 3.20000
      vertex -1.84810 7.23450 0.00000
      vertex -1.84810 7.23450 3.20000
    endloop
  endfacet
  facet normal 0.947066 0.321039 0.000000
    outer loop
      vertex -1.93210 7.48230 0.00000
      vertex -1.84810 7.23450 3.20000
      vertex -1.84810 7.23450 0.00000
    endloop
  endfacet
  facet normal 0.831462 0.555582 0.000000
    outer loop
      vertex -1.58680 6.78230 3.20000
      vertex -1.73220 6.99990 0.00000
      vertex -1.73220 6.99990 3.20000
    endloop
  endfacet
  facet normal 0.000000 0.000000 -1.000000
    outer loop
      vertex -0.79340 7.39120 3.20000
      vertex -1.73220 6.99990 3.20000
      vertex -0.86610 7.49990 3.20000
    endloop
  endfacet
  facet normal 0.000000 0.000000 -1.000000
    outer loop
      vertex -1.73220 6.99990 3.20000
      vertex -0.79340 7.39120 3.20000
      vertex -1.58680 6.78230 3.20000
    endloop
  endfacet
  facet normal -0.751486 -0.659749 0.000000
    outer loop
      vertex -0.70710 7.29290 3.20000
      vertex -0.79340 7.39120 3.20000
      vertex -0.79340 7.39120 0.00000
    endloop
  endfacet
  facet normal 0.000000 0.000000 1.000000
    outer loop
      vertex -0.79340 7.39120 0.00000
      vertex -0.86600 7.50000 0.00000
      vertex -1.73200 7.00000 0.00000
    endloop
  endfacet
  facet normal 0.000000 0.000000 1.000000
    outer loop
      vertex -1.84780 7.23460 0.00000
      vertex -1.73200 7.00000 0.00000
      vertex -0.86600 7.50000 0.00000
    endloop
  endfacet
  facet normal -0.831815 -0.555053 0.000000
    outer loop
      vertex -0.79340 7.39120 3.20000
      vertex -0.86600 7.50000 3.20000
      vertex -0.86600 7.50000 0.00000
    endloop
  endfacet
  facet normal 0.000000 0.000000 1.000000
    outer loop
      vertex -0.86600 7.50000 0.00000
      vertex -0.92390 7.61730 0.00000
      vertex -1.84780 7.23460 0.00000
    endloop
  endfacet
  facet normal 0.000000 0.000000 1.000000
    outer loop
      vertex -1.93180 7.48240 0.00000
      vertex -1.84780 7.23460 0.00000
      vertex -0.92390 7.61730 0.00000
    endloop
  endfacet
  facet normal -0.896709 -0.442621 0.000000
    outer loop
      vertex -0.86600 7.50000 3.20000
      vertex -0.92390 7.61730 3.20000
      vertex -0.92390 7.61730 0.00000
    endloop
  endfacet
  facet normal 0.000000 0.000000 1.000000
    outer loop
      vertex -0.92390 7.61730 0.00000
      vertex -0.96590 7.74120 0.00000
      vertex -1.93180 7.48240 0.00000
    endloop
  endfacet
  facet normal 0.000000 0.000000 1.000000
    outer loop
      vertex -1.98280 7.73900 0.00000
      vertex -1.93180 7.48240 0.00000
      vertex -0.96590 7.74120 0.00000
    endloop
  endfacet
  facet normal -0.947066 -0.321039 0.000000
    outer loop
      vertex -0.92390 7.61730 3.20000
      vertex -0.96590 7.74120 3.20000
      vertex -0.96590 7.74120 0.00000
    endloop
  endfacet
  facet normal 0.000000 0.000000 1.000000
    outer loop
      vertex -0.96590 7.74120 0.00000
      vertex -0.99140 7.86950 0.00000
      vertex -1.98280 7.73900 0.00000
    endloop
  endfacet
  facet normal 0.000000 0.000000 1.000000
    outer loop
      vertex -2.00000 8.00000 0.00000
      vertex -1.98280 7.73900 0.00000
      vertex -0.99140 7.86950 0.00000
    endloop
  endfacet
  facet normal -0.980815 -0.194940 0.000000
    outer loop
      vertex -0.96590 7.74120 3.20000
      vertex -0.99140 7.86950 3.20000
      vertex -0.99140 7.86950 0.00000
    endloop
  endfacet
  facet normal 0.000000 0.000000 1.000000
    outer loop
      vertex -0.99140 7.86950 0.00000
      vertex -1.00000 8.00000 0.00000
      vertex -2.00000 8.00000 0.00000
    endloop
  endfacet
  facet normal 0.000000 0.000000 1.000000
    outer loop
      vertex -1.98280 8.26100 0.00000
      vertex -2.00000 8.00000 0.00000
      vertex -1.00000 8.00000 0.00000
    endloop
  endfacet
  facet normal -0.997836 -0.065758 0.000000
    outer loop
      vertex -0.99140 7.86950 3.20000
      vertex -1.00000 8.00000 3.20000
      vertex -1.00000 8.00000 0.00000
    endloop
  endfacet
  facet normal 0.000000 0.000000 1.000000
    outer loop
      vertex -1.00000 8.00000 0.00000
      vertex -0.99140 8.13050 0.00000
      vertex -1.98280 8.26100 0.00000
    endloop
  endfacet
  facet normal 0.000000 0.000000 1.000000
    outer loop
      vertex -1.93180 8.51760 0.00000
      vertex -1.98280 8.26100 0.00000
      vertex -0.99140 8.13050 0.00000
    endloop
  endfacet
  facet normal -0.997836 0.065758 0.000000
    outer loop
      vertex -1.00000 8.00000 3.20000
      vertex -0.99140 8.13050 3.20000
      vertex -0.99140 8.13050 0.00000
    endloop
  endfacet
  facet normal 0.000000 0.000000 1.000000
    outer loop
      vertex -0.99140 8.13050 0.00000
      vertex -0.96590 8.25880 0.00000
      vertex -1.93180 8.51760 0.00000
    endloop
  endfacet
  facet normal 0.000000 0.000000 1.000000
    outer loop
      vertex -1.84780 8.76540 0.00000
      vertex -1.93180 8.51760 0.00000
      vertex -0.96590 8.25880 0.00000
    endloop
  endfacet
  facet normal -0.980815 0.194940 0.000000
    outer loop
      vertex -0.99140 8.13050 3.20000
      vertex -0.96590 8.25880 3.20000
      vertex -0.96590 8.25880 0.00000
    endloop
  endfacet
  facet normal 0.000000 0.000000 1.000000
    outer loop
      vertex -0.96590 8.25880 0.00000
      vertex -0.92390 8.38270 0.00000
      vertex -1.84780 8.76540 0.00000
    endloop
  endfacet
  facet normal 0.000000 0.000000 1.000000
    outer loop
      vertex -1.73200 9.00000 0.00000
      vertex -1.84780 8.76540 0.00000
      vertex -0.92390 8.38270 0.00000
    endloop
  endfacet
  facet normal -0.947066 0.321039 0.000000
    outer loop
      vertex -0.96590 8.25880 3.20000
      vertex -0.92390 8.38270 3.20000
      vertex -0.92390 8.38270 0.00000
    endloop
  endfacet
  facet normal 0.000000 0.000000 1.000000
    outer loop
      vertex -0.92390 8.38270 0.00000
      vertex -0.86600 8.50000 0.00000
      vertex -1.73200 9.00000 0.00000
    endloop
  endfacet
  facet normal 0.000000 0.000000 1.000000
    outer loop
      vertex -1.58680 9.21760 0.00000
      vertex -1.73200 9.00000 0.00000
      vertex -0.86600 8.50000 0.00000
    endloop
  endfacet
  facet normal -0.896709 0.442621 0.000000
    outer loop
      vertex -0.92390 8.38270 3.20000
      vertex -0.86600 8.50000 3.20000
      vertex -0.86600 8.50000 0.00000
    endloop
  endfacet
  facet normal 0.000000 0.000000 1.000000
    outer loop
      vertex -0.86600 8.50000 0.00000
      vertex -0.79340 8.60880 0.00000
      vertex -1.58680 9.21760 0.00000
    endloop
  endfacet
  facet normal 0.000000 0.000000 1.000000
    outer loop
      vertex -1.41420 9.41420 0.00000
      vertex -1.58680 9.21760 0.00000
      vertex -0.79340 8.60880 0.00000
    endloop
  endfacet
  facet normal 0.000000 0.000000 -1.000000
    outer loop
      vertex -0.86610 8.50010 3.20000
      vertex -1.58680 9.21770 3.20000
      vertex -0.79340 8.60880 3.20000
    endloop
  endfacet
  facet normal 0.000000 0.000000 -1.000000
    outer loop
      vertex -0.79340 8.60880 3.20000
      vertex -1.41440 9.41440 3.20000
      vertex -0.70720 8.70720 3.20000
    endloop
  endfacet
  facet normal 0.000000 0.000000 -1.000000
    outer loop
      vertex -1.41440 9.41440 3.20000
      vertex -0.79340 8.60880 3.20000
      vertex -1.58680 9.21770 3.20000
    endloop
  endfacet
  facet normal -0.831815 0.555053 0.000000
    outer loop
      vertex -0.86600 8.50000 3.20000
      vertex -0.79340 8.60880 3.20000
      vertex -0.79340 8.60880 0.00000
    endloop
  endfacet
  facet normal 0.000000 0.000000 1.000000
    outer loop
      vertex -0.79340 8.60880 0.00000
      vertex -0.70710 8.70710 0.00000
      vertex -1.41420 9.41420 0.00000
    endloop
  endfacet
  facet normal 0.000000 0.000000 1.000000
    outer loop
      vertex -1.21760 9.58680 0.00000
      vertex -1.41420 9.41420 0.00000
      vertex -0.70710 8.70710 0.00000
    endloop
  endfacet
  facet normal -0.751486 0.659749 0.000000
    outer loop
      vertex -0.79340 8.60880 3.20000
      vertex -0.70710 8.70710 3.20000
      vertex -0.70710 8.70710 0.00000
    endloop
  endfacet
  facet normal 0.000000 0.000000 1.000000
    outer loop
      vertex -0.70710 8.70710 0.00000
      vertex -0.60880 8.79340 0.00000
      vertex -1.21760 9.58680 0.00000
    endloop
  endfacet
  facet normal 0.000000 0.000000 1.000000
    outer loop
      vertex -1.00000 9.73200 0.00000
      vertex -1.21760 9.58680 0.00000
      vertex -0.60880 8.79340 0.00000
    endloop
  endfacet
  facet normal 0.000000 0.000000 -1.000000
    outer loop
      vertex -0.70720 8.70720 3.20000
      vertex -1.21770 9.58680 3.20000
      vertex -0.60880 8.79340 3.20000
    endloop
  endfacet
  facet normal 0.000000 0.000000 -1.000000
    outer loop
      vertex -0.60880 8.79340 3.20000
      vertex -1.00010 9.73220 3.20000
      vertex -0.50010 8.86610 3.20000
    endloop
  endfacet
  facet normal 0.000000 0.000000 -1.000000
    outer loop
      vertex -1.00010 9.73220 3.20000
      vertex -0.60880 8.79340 3.20000
      vertex -1.21770 9.58680 3.20000
    endloop
  endfacet
  facet normal -0.659749 0.751486 0.000000
    outer loop
      vertex -0.70710 8.70710 3.20000
      vertex -0.60880 8.79340 3.20000
      vertex -0.60880 8.79340 0.00000
    endloop
  endfacet
  facet normal 0.000000 0.000000 1.000000
    outer loop
      vertex -0.60880 8.79340 0.00000
      vertex -0.50000 8.86600 0.00000
      vertex -1.00000 9.73200 0.00000
    endloop
  endfacet
  facet normal 0.000000 0.000000 1.000000
    outer loop
      vertex -0.76540 9.84780 0.00000
      vertex -1.00000 9.73200 0.00000
      vertex -0.50000 8.86600 0.00000
    endloop
  endfacet
  facet normal -0.555053 0.831815 0.000000
    outer loop
      vertex -0.60880 8.79340 3.20000
      vertex -0.50000 8.86600 3.20000
      vertex -0.50000 8.86600 0.00000
    endloop
  endfacet
  facet normal 0.000000 0.000000 1.000000
    outer loop
      vertex -0.50000 8.86600 0.00000
      vertex -0.38270 8.92390 0.00000
      vertex -0.76540 9.84780 0.00000
    endloop
  endfacet
  facet normal 0.000000 0.000000 1.000000
    outer loop
      vertex -0.51760 9.93180 0.00000
      vertex -0.76540 9.84780 0.00000
      vertex -0.38270 8.92390 0.00000
    endloop
  endfacet
  facet normal -0.442621 0.896709 0.000000
    outer loop
      vertex -0.50000 8.86600 3.20000
      vertex -0.38270 8.92390 3.20000
      vertex -0.38270 8.92390 0.00000
    endloop
  endfacet
  facet normal 0.000000 0.000000 1.000000
    outer loop
      vertex -0.38270 8.92390 0.00000
      vertex -0.25880 8.96590 0.00000
      vertex -0.51760 9.93180 0.00000
    endloop
  endfacet
  facet normal 0.000000 0.000000 1.000000
    outer loop
      vertex -0.26100 9.98280 0.00000
      vertex -0.51760 9.93180 0.00000
      vertex -0.25880 8.96590 0.00000
    endloop
  endfacet
  facet normal -0.321039 0.947066 0.000000
    outer loop
      vertex -0.38270 8.92390 3.20000
      vertex -0.25880 8.96590 3.20000
      vertex -0.25880 8.96590 0.00000
    endloop
  endfacet
  facet normal 0.000000 0.000000 1.000000
    outer loop
      vertex -0.25880 8.96590 0.00000
      vertex -0.13050 8.99140 0.00000
      vertex -0.26100 9.98280 0.00000
    endloop
  endfacet
  facet normal 0.000000 0.000000 1.000000
    outer loop
      vertex 0.00000 10.00000 0.00000
      vertex -0.26100 9.98280 0.00000
      vertex -0.13050 8.99140 0.00000
    endloop
  endfacet
  facet normal -0.194940 0.980815 0.000000
    outer loop
      vertex -0.25880 8.96590 3.20000
      vertex -0.13050 8.99140 3.20000
      vertex -0.13050 8.99140 0.00000
    endloop
  endfacet
  facet normal 0.000000 0.000000 1.000000
    outer loop
      vertex -0.13050 8.99140 0.00000
      vertex 0.00000 9.00000 0.00000
      vertex 0.00000 10.00000 0.00000
    endloop
  endfacet
  facet normal 0.000000 0.000000 1.000000
    outer loop
      vertex 0.26100 9.98280 0.00000
      vertex 0.00000 10.00000 0.00000
      vertex 0.00000 9.00000 0.00000
    endloop
  endfacet
  facet normal -0.065758 0.997836 0.000000
    outer loop
      vertex -0.13050 8.99140 3.20000
      vertex 0.00000 9.00000 3.20000
      vertex 0.00000 9.00000 0.00000
    endloop
  endfacet
  facet normal 0.000000 0.000000 1.000000
    outer loop
      vertex 0.00000 9.00000 0.00000
      vertex 0.13050 8.99140 0.00000
      vertex 0.26100 9.98280 0.00000
    endloop
  endfacet
  facet normal 0.000000 0.000000 1.000000
    outer loop
      vertex 0.51760 9.93180 0.00000
      vertex 0.26100 9.98280 0.00000
      vertex 0.13050 8.99140 0.00000
    endloop
  endfacet
  facet normal 0.065758 0.997836 0.000000
    outer loop
      vertex 0.00000 9.00000 3.20000
      vertex 0.13050 8.99140 3.20000
      vertex 0.13050 8.99140 0.00000
    endloop
  endfacet
  facet normal 0.000000 0.000000 1.000000
    outer loop
      vertex 0.13050 8.99140 0.00000
      vertex 0.25880 8.96590 0.00000
      vertex 0.51760 9.93180 0.00000
    endloop
  endfacet
  facet normal 0.000000 0.000000 1.000000
    outer loop
      vertex 0.76540 9.84780 0.00000
      vertex 0.51760 9.93180 0.00000
      vertex 0.25880 8.96590 0.00000
    endloop
  endfacet
  facet normal 0.194940 0.980815 0.000000
    outer loop
      vertex 0.13050 8.99140 3.20000
      vertex 0.25880 8.96590 3.20000
      vertex 0.25880 8.96590 0.00000
    endloop
  endfacet
  facet normal 0.000000 0.000000 1.000000
    outer loop
      vertex 0.25880 8.96590 0.00000
      vertex 0.38270 8.92390 0.00000
      vertex 0.76540 9.84780 0.00000
    endloop
  endfacet
  facet normal 0.000000 0.000000 1.000000
    outer loop
      vertex 1.00000 9.73200 0.00000
      vertex 0.76540 9.84780 0.00000
      vertex 0.38270 8.92390 0.00000
    endloop
  endfacet
  facet normal 0.321039 0.947066 0.000000
    outer loop
      vertex 0.25880 8.96590 3.20000
      vertex 0.38270 8.92390 3.20000
      vertex 0.38270 8.92390 0.00000
    endloop
  endfacet
  facet normal 0.000000 0.000000 1.000000
    outer loop
      vertex 0.38270 8.92390 0.00000
      vertex 0.50000 8.86600 0.00000
      vertex 1.00000 9.73200 0.00000
    endloop
  endfacet
  facet normal 0.000000 0.000000 1.000000
    outer loop
      vertex 1.21760 9.58680 0.00000
      vertex 1.00000 9.73200 0.00000
      vertex 0.50000 8.86600 0.00000
    endloop
  endfacet
  facet normal 0.442621 0.896709 0.000000
    outer loop
      vertex 0.38270 8.92390 3.20000
      vertex 0.50000 8.86600 3.20000
      vertex 0.50000 8.86600 0.00000
    endloop
  endfacet
  facet normal 0.000000 0.000000 1.000000
    outer loop
      vertex 0.50000 8.86600 0.00000
      vertex 0.60880 8.79340 0.00000
      vertex 1.21760 9.58680 0.00000
    endloop
  endfacet
  facet normal 0.000000 0.000000 1.000000
    outer loop
      vertex 1.41420 9.41420 0.00000
      vertex 1.21760 9.58680 0.00000
      vertex 0.60880 8.79340 0.00000
    endloop
  endfacet
  facet normal 0.000000 0.000000 -1.000000
    outer loop
      vertex 0.50010 8.86610 3.20000
      vertex 1.21770 9.58680 3.20000
      vertex 0.60880 8.79340 3.20000
    endloop
  endfacet
  facet normal 0.000000 0.000000 -1.000000
    outer loop
      vertex 0.60880 8.79340 3.20000
      vertex 1.41440 9.41440 3.20000
      vertex 0.70720 8.70720 3.20000
    endloop
  endfacet
  facet normal 0.000000 0.000000 -1.000000
    outer loop
      vertex 1.41440 9.41440 3.20000
      vertex 0.60880 8.79340 3.20000
      vertex 1.21770 9.58680 3.20000
    endloop
  endfacet
  facet normal 0.555053 0.831815 0.000000
    outer loop
      vertex 0.50000 8.86600 3.20000
      vertex 0.60880 8.79340 3.20000
      vertex 0.60880 8.79340 0.00000
    endloop
  endfacet
  facet normal 0.000000 0.000000 1.000000
    outer loop
      vertex 0.60880 8.79340 0.00000
      vertex 0.70710 8.70710 0.00000
      vertex 1.41420 9.41420 0.00000
    endloop
  endfacet
  facet normal 0.000000 0.000000 1.000000
    outer loop
      vertex 1.58680 9.21760 0.00000
      vertex 1.41420 9.41420 0.00000
      vertex 0.70710 8.70710 0.00000
    endloop
  endfacet
  facet normal 0.659749 0.751486 0.000000
    outer loop
      vertex 0.60880 8.79340 3.20000
      vertex 0.70710 8.70710 3.20000
      vertex 0.70710 8.70710 0.00000
    endloop
  endfacet
  facet normal 0.000000 0.000000 1.000000
    outer loop
      vertex 0.70710 8.70710 0.00000
      vertex 0.79340 8.60880 0.00000
      vertex 1.58680 9.21760 0.00000
    endloop
  endfacet
  facet normal 0.000000 0.000000 1.000000
    outer loop
      vertex 1.73200 9.00000 0.00000
      vertex 1.58680 9.21760 0.00000
      vertex 0.79340 8.60880 0.00000
    endloop
  endfacet
  facet normal 0.000000 0.000000 -1.000000
    outer loop
      vertex 0.70720 8.70720 3.20000
      vertex 1.58680 9.21770 3.20000
      vertex 0.79340 8.60880 3.20000
    endloop
  endfacet
  facet normal 0.000000 0.000000 -1.000000
    outer loop
      vertex 0.79340 8.60880 3.20000
      vertex 1.73220 9.00010 3.20000
      vertex 0.86610 8.50010 3.20000
    endloop
  endfacet
  facet normal 0.000000 0.000000 -1.000000
    outer loop
      vertex 0.86610 8.50010 3.20000
      vertex 1.84810 8.76550 3.20000
      vertex 0.92400 8.38270 3.20000
    endloop
  endfacet
  facet normal 0.000000 0.000000 -1.000000
    outer loop
      vertex 0.92400 8.38270 3.20000
      vertex 1.93210 8.51770 3.20000
      vertex 0.96600 8.25880 3.20000
    endloop
  endfacet
  facet normal 0.000000 0.000000 -1.000000
    outer loop
      vertex 0.96600 8.25880 3.20000
      vertex 1.98330 8.26110 3.20000
      vertex 0.99160 8.13050 3.20000
    endloop
  endfacet
  facet normal 0.000000 0.000000 -1.000000
    outer loop
      vertex 0.99160 8.13050 3.20000
      vertex 2.00020 8.00000 3.20000
      vertex 1.00010 8.00000 3.20000
    endloop
  endfacet
  facet normal 0.000000 0.000000 -1.000000
    outer loop
      vertex 1.00010 8.00000 3.20000
      vertex 1.98330 7.73890 3.20000
      vertex 0.99160 7.86950 3.20000
    endloop
  endfacet
  facet normal 0.000000 0.000000 -1.000000
    outer loop
      vertex 0.99160 7.86950 3.20000
      vertex 1.93210 7.48230 3.20000
      vertex 0.96600 7.74120 3.20000
    endloop
  endfacet
  facet normal 0.000000 0.000000 -1.000000
    outer loop
      vertex 0.96600 7.74120 3.20000
      vertex 1.84810 7.23450 3.20000
      vertex 0.92400 7.61730 3.20000
    endloop
  endfacet
  facet normal 0.000000 0.000000 -1.000000
    outer loop
      vertex 0.92400 7.61730 3.20000
      vertex 1.73220 6.99990 3.20000
      vertex 0.86610 7.49990 3.20000
    endloop
  endfacet
  facet normal 0.000000 0.000000 -1.000000
    outer loop
      vertex 1.58680 6.78230 3.20000
      vertex 0.86610 7.49990 3.20000
      vertex 1.73220 6.99990 3.20000
    endloop
  endfacet
  facet normal 0.000000 0.000000 -1.000000
    outer loop
      vertex 1.73220 6.99990 3.20000
      vertex 0.92400 7.61730 3.20000
      vertex 1.84810 7.23450 3.20000
    endloop
  endfacet
  facet normal 0.000000 0.000000 -1.000000
    outer loop
      vertex 1.84810 7.23450 3.20000
      vertex 0.96600 7.74120 3.20000
      vertex 1.93210 7.48230 3.20000
    endloop
  endfacet
  facet normal 0.000000 0.000000 -1.000000
    outer loop
      vertex 1.93210 7.48230 3.20000
      vertex 0.99160 7.86950 3.20000
      vertex 1.98330 7.73890 3.20000
    endloop
  endfacet
  facet normal 0.000000 0.000000 -1.000000
    outer loop
      vertex 1.98330 7.73890 3.20000
      vertex 1.00010 8.00000 3.20000
      vertex 2.00020 8.00000 3.20000
    endloop
  endfacet
  facet normal 0.000000 0.000000 -1.000000
    outer loop
      vertex 2.00020 8.00000 3.20000
      vertex 0.99160 8.13050 3.20000
      vertex 1.98330 8.26110 3.20000
    endloop
  endfacet
  facet normal 0.000000 0.000000 -1.000000
    outer loop
      vertex 1.98330 8.26110 3.20000
      vertex 0.96600 8.25880 3.20000
      vertex 1.93210 8.51770 3.20000
    endloop
  endfacet
  facet normal 0.000000 0.000000 -1.000000
    outer loop
      vertex 1.93210 8.51770 3.20000
      vertex 0.92400 8.38270 3.20000
      vertex 1.84810 8.76550 3.20000
    endloop
  endfacet
  facet normal 0.000000 0.000000 -1.000000
    outer loop
      vertex 1.84810 8.76550 3.20000
      vertex 0.86610 8.50010 3.20000
      vertex 1.73220 9.00010 3.20000
    endloop
  endfacet
  facet normal 0.000000 0.000000 -1.000000
    outer loop
      vertex 1.73220 9.00010 3.20000
      vertex 0.79340 8.60880 3.20000
      vertex 1.58680 9.21770 3.20000
    endloop
  endfacet
  facet normal 0.751486 0.659749 0.000000
    outer loop
      vertex 0.70710 8.70710 3.20000
      vertex 0.79340 8.60880 3.20000
      vertex 0.79340 8.60880 0.00000
    endloop
  endfacet
  facet normal 0.000000 0.000000 1.000000
    outer loop
      vertex 0.79340 8.60880 0.00000
      vertex 0.86600 8.50000 0.00000
      vertex 1.73200 9.00000 0.00000
    endloop
  endfacet
  facet normal 0.000000 0.000000 1.000000
    outer loop
      vertex 1.84780 8.76540 0.00000
      vertex 1.73200 9.00000 0.00000
      vertex 0.86600 8.50000 0.00000
    endloop
  endfacet
  facet normal 0.831815 0.555053 0.000000
    outer loop
      vertex 0.79340 8.60880 3.20000
      vertex 0.86600 8.50000 3.20000
      vertex 0.86600 8.50000 0.00000
    endloop
  endfacet
  facet normal 0.000000 0.000000 1.000000
    outer loop
      vertex 0.86600 8.50000 0.00000
      vertex 0.92390 8.38270 0.00000
      vertex 1.84780 8.76540 0.00000
    endloop
  endfacet
  facet normal 0.000000 0.000000 1.000000
    outer loop
      vertex 1.93180 8.51760 0.00000
      vertex 1.84780 8.76540 0.00000
      vertex 0.92390 8.38270 0.00000
    endloop
  endfacet
  facet normal 0.896709 0.442621 0.000000
    outer loop
      vertex 0.86600 8.50000 3.20000
      vertex 0.92390 8.38270 3.20000
      vertex 0.92390 8.38270 0.00000
    endloop
  endfacet
  facet normal 0.000000 0.000000 1.000000
    outer loop
      vertex 0.92390 8.38270 0.00000
      vertex 0.96590 8.25880 0.00000
      vertex 1.93180 8.51760 0.00000
    endloop
  endfacet
  facet normal 0.000000 0.000000 1.000000
    outer loop
      vertex 1.98280 8.26100 0.00000
      vertex 1.93180 8.51760 0.00000
      vertex 0.96590 8.25880 0.00000
    endloop
  endfacet
  facet normal 0.947066 0.321039 0.000000
    outer loop
      vertex 0.92390 8.38270 3.20000
      vertex 0.96590 8.25880 3.20000
      vertex 0.96590 8.25880 0.00000
    endloop
  endfacet
  facet normal 0.000000 0.000000 1.000000
    outer loop
      vertex 0.96590 8.25880 0.00000
      vertex 0.99140 8.13050 0.00000
      vertex 1.98280 8.26100 0.00000
    endloop
  endfacet
  facet normal 0.000000 0.000000 1.000000
    outer loop
      vertex 2.00000 8.00000 0.00000
      vertex 1.98280 8.26100 0.00000
      vertex 0.99140 8.13050 0.00000
    endloop
  endfacet
  facet normal 0.980815 0.194940 0.000000
    outer loop
      vertex 0.96590 8.25880 3.20000
      vertex 0.99140 8.13050 3.20000
      vertex 0.99140 8.13050 0.00000
    endloop
  endfacet
  facet normal 0.000000 0.000000 1.000000
    outer loop
      vertex 1.98280 7.73900 0.00000
      vertex 2.00000 8.00000 0.00000
      vertex 1.00000 8.00000 0.00000
    endloop
  endfacet
  facet normal 0.000000 0.000000 1.000000
    outer loop
      vertex 0.99140 8.13050 0.00000
      vertex 1.00000 8.00000 0.00000
      vertex 2.00000 8.00000 0.00000
    endloop
  endfacet
  facet normal 0.997836 0.065758 0.000000
    outer loop
      vertex 0.99140 8.13050 3.20000
      vertex 1.00000 8.00000 3.20000
      vertex 1.00000 8.00000 0.00000
    endloop
  endfacet
  facet normal 0.000000 0.000000 1.000000
    outer loop
      vertex 1.00000 8.00000 0.00000
      vertex 0.99140 7.86950 0.00000
      vertex 1.98280 7.73900 0.00000
    endloop
  endfacet
  facet normal 0.000000 0.000000 1.000000
    outer loop
      vertex 1.93180 7.48240 0.00000
      vertex 1.98280 7.73900 0.00000
      vertex 0.99140 7.86950 0.00000
    endloop
  endfacet
  facet normal 0.997836 -0.065758 0.000000
    outer loop
      vertex 1.00000 8.00000 3.20000
      vertex 0.99140 7.86950 3.20000
      vertex 0.99140 7.86950 0.00000
    endloop
  endfacet
  facet normal 0.000000 0.000000 1.000000
    outer loop
      vertex 0.99140 7.86950 0.00000
      vertex 0.96590 7.74120 0.00000
      vertex 1.93180 7.48240 0.00000
    endloop
  endfacet
  facet normal 0.000000 0.000000 1.000000
    outer loop
      vertex 1.84780 7.23460 0.00000
      vertex 1.93180 7.48240 0.00000
      vertex 0.96590 7.74120 0.00000
    endloop
  endfacet
  facet normal 0.980815 -0.194940 0.000000
    outer loop
      vertex 0.99140 7.86950 3.20000
      vertex 0.96590 7.74120 3.20000
      vertex 0.96590 7.74120 0.00000
    endloop
  endfacet
  facet normal 0.000000 0.000000 1.000000
    outer loop
      vertex 0.96590 7.74120 0.00000
      vertex 0.92390 7.61730 0.00000
      vertex 1.84780 7.23460 0.00000
    endloop
  endfacet
  facet normal 0.000000 0.000000 1.000000
    outer loop
      vertex 1.73200 7.00000 0.00000
      vertex 1.84780 7.23460 0.00000
      vertex 0.92390 7.61730 0.00000
    endloop
  endfacet
  facet normal 0.947066 -0.321039 0.000000
    outer loop
      vertex 0.96590 7.74120 3.20000
      vertex 0.92390 7.61730 3.20000
      vertex 0.92390 7.61730 0.00000
    endloop
  endfacet
  facet normal 0.000000 0.000000 1.000000
    outer loop
      vertex 0.92390 7.61730 0.00000
      vertex 0.86600 7.50000 0.00000
      vertex 1.73200 7.00000 0.00000
    endloop
  endfacet
  facet normal 0.000000 0.000000 1.000000
    outer loop
      vertex 1.58680 6.78240 0.00000
      vertex 1.73200 7.00000 0.00000
      vertex 0.86600 7.50000 0.00000
    endloop
  endfacet
  facet normal 0.896709 -0.442621 0.000000
    outer loop
      vertex 0.92390 7.61730 3.20000
      vertex 0.86600 7.50000 3.20000
      vertex 0.86600 7.50000 0.00000
    endloop
  endfacet
  facet normal 0.000000 0.000000 1.000000
    outer loop
      vertex 0.86600 7.50000 0.00000
      vertex 0.79340 7.39120 0.00000
      vertex 1.58680 6.78240 0.00000
    endloop
  endfacet
  facet normal 0.000000 0.000000 1.000000
    outer loop
      vertex 1.41420 6.58580 0.00000
      vertex 1.58680 6.78240 0.00000
      vertex 0.79340 7.39120 0.00000
    endloop
  endfacet
  facet normal 0.000000 0.000000 1.000000
    outer loop
      vertex 1.21760 6.41320 0.00000
      vertex 1.41420 6.58580 0.00000
      vertex 0.70710 7.29290 0.00000
    endloop
  endfacet
  facet normal 0.000000 0.000000 1.000000
    outer loop
      vertex 0.70710 7.29290 0.00000
      vertex 0.60880 7.20660 0.00000
      vertex 1.21760 6.41320 0.00000
    endloop
  endfacet
  facet normal 0.000000 0.000000 1.000000
    outer loop
      vertex 1.00000 6.26800 0.00000
      vertex 1.21760 6.41320 0.00000
      vertex 0.60880 7.20660 0.00000
    endloop
  endfacet
  facet normal 0.000000 0.000000 1.000000
    outer loop
      vertex 0.76540 6.15220 0.00000
      vertex 1.00000 6.26800 0.00000
      vertex 0.50000 7.13400 0.00000
    endloop
  endfacet
  facet normal 0.000000 0.000000 1.000000
    outer loop
      vertex 0.50000 7.13400 0.00000
      vertex 0.38270 7.07610 0.00000
      vertex 0.76540 6.15220 0.00000
    endloop
  endfacet
  facet normal 0.000000 0.000000 1.000000
    outer loop
      vertex 0.51760 6.06820 0.00000
      vertex 0.76540 6.15220 0.00000
      vertex 0.38270 7.07610 0.00000
    endloop
  endfacet
  facet normal 0.442621 -0.896709 0.000000
    outer loop
      vertex 0.50000 7.13400 3.20000
      vertex 0.38270 7.07610 3.20000
      vertex 0.38270 7.07610 0.00000
    endloop
  endfacet
  facet normal 0.000000 0.000000 1.000000
    outer loop
      vertex 0.38270 7.07610 0.00000
      vertex 0.25880 7.03410 0.00000
      vertex 0.51760 6.06820 0.00000
    endloop
  endfacet
  facet normal 0.000000 0.000000 1.000000
    outer loop
      vertex 0.26100 6.01720 0.00000
      vertex 0.51760 6.06820 0.00000
      vertex 0.25880 7.03410 0.00000
    endloop
  endfacet
  facet normal 0.321039 -0.947066 0.000000
    outer loop
      vertex 0.38270 7.07610 3.20000
      vertex 0.25880 7.03410 3.20000
      vertex 0.25880 7.03410 0.00000
    endloop
  endfacet
  facet normal 0.000000 0.000000 1.000000
    outer loop
      vertex 0.25880 7.03410 0.00000
      vertex 0.13050 7.00860 0.00000
      vertex 0.26100 6.01720 0.00000
    endloop
  endfacet
  facet normal 0.000000 0.000000 1.000000
    outer loop
      vertex 0.00000 6.00000 0.00000
      vertex 0.26100 6.01720 0.00000
      vertex 0.13050 7.00860 0.00000
    endloop
  endfacet
  facet normal 0.194940 -0.980815 0.000000
    outer loop
      vertex 0.25880 7.03410 3.20000
      vertex 0.13050 7.00860 3.20000
      vertex 0.13050 7.00860 0.00000
    endloop
  endfacet
  facet normal 0.000000 0.000000 1.000000
    outer loop
      vertex 0.13050 7.00860 0.00000
      vertex 0.00000 7.00000 0.00000
      vertex 0.00000 6.00000 0.00000
    endloop
  endfacet
  facet normal 0.000000 0.000000 1.000000
    outer loop
      vertex -0.26100 6.01720 0.00000
      vertex 0.00000 6.00000 0.00000
      vertex 0.00000 7.00000 0.00000
    endloop
  endfacet
  facet normal 0.065758 -0.997836 0.000000
    outer loop
      vertex 0.13050 7.00860 3.20000
      vertex 0.00000 7.00000 3.20000
      vertex 0.00000 7.00000 0.00000
    endloop
  endfacet
  facet normal 0.000000 0.000000 1.000000
    outer loop
      vertex 0.00000 7.00000 0.00000
      vertex -0.13050 7.00860 0.00000
      vertex -0.26100 6.01720 0.00000
    endloop
  endfacet
  facet normal 0.000000 0.000000 1.000000
    outer loop
      vertex -0.51760 6.06820 0.00000
      vertex -0.26100 6.01720 0.00000
      vertex -0.13050 7.00860 0.00000
    endloop
  endfacet
  facet normal -0.065758 -0.997836 0.000000
    outer loop
      vertex 0.00000 7.00000 3.20000
      vertex -0.13050 7.00860 3.20000
      vertex -0.13050 7.00860 0.00000
    endloop
  endfacet
  facet normal 0.000000 0.000000 1.000000
    outer loop
      vertex -0.13050 7.00860 0.00000
      vertex -0.25880 7.03410 0.00000
      vertex -0.51760 6.06820 0.00000
    endloop
  endfacet
  facet normal 0.000000 0.000000 1.000000
    outer loop
      vertex -0.76540 6.15220 0.00000
      vertex -0.51760 6.06820 0.00000
      vertex -0.25880 7.03410 0.00000
    endloop
  endfacet
  facet normal -0.194940 -0.980815 0.000000
    outer loop
      vertex -0.13050 7.00860 3.20000
      vertex -0.25880 7.03410 3.20000
      vertex -0.25880 7.03410 0.00000
    endloop
  endfacet
  facet normal 0.000000 0.000000 1.000000
    outer loop
      vertex -0.25880 7.03410 0.00000
      vertex -0.38270 7.07610 0.00000
      vertex -0.76540 6.15220 0.00000
    endloop
  endfacet
  facet normal 0.000000 0.000000 1.000000
    outer loop
      vertex -1.00000 6.26800 0.00000
      vertex -0.76540 6.15220 0.00000
      vertex -0.38270 7.07610 0.00000
    endloop
  endfacet
  facet normal -0.321039 -0.947066 0.000000
    outer loop
      vertex -0.25880 7.03410 3.20000
      vertex -0.38270 7.07610 3.20000
      vertex -0.38270 7.07610 0.00000
    endloop
  endfacet
  facet normal 0.000000 0.000000 1.000000
    outer loop
      vertex -0.38270 7.07610 0.00000
      vertex -0.50000 7.13400 0.00000
      vertex -1.00000 6.26800 0.00000
    endloop
  endfacet
  facet normal 0.000000 0.000000 1.000000
    outer loop
      vertex -1.21760 6.41320 0.00000
      vertex -1.00000 6.26800 0.00000
      vertex -0.50000 7.13400 0.00000
    endloop
  endfacet
  facet normal 0.000000 0.000000 1.000000
    outer loop
      vertex -0.60880 7.20660 0.00000
      vertex -0.70710 7.29290 0.00000
      vertex -1.41420 6.58580 0.00000
    endloop
  endfacet
  facet normal 0.000000 0.000000 1.000000
    outer loop
      vertex -1.41420 6.58580 0.00000
      vertex -1.21760 6.41320 0.00000
      vertex -0.60880 7.20660 0.00000
    endloop
  endfacet
  facet normal -0.442621 -0.896709 0.000000
    outer loop
      vertex -0.38270 7.07610 3.20000
      vertex -0.50000 7.13400 3.20000
      vertex -0.50000 7.13400 0.00000
    endloop
  endfacet
  facet normal -0.555053 -0.831815 0.000000
    outer loop
      vertex -0.60880 7.20660 0.00000
      vertex -0.50000 7.13400 0.00000
      vertex -0.50000 7.13400 3.20000
    endloop
  endfacet
  facet normal -0.659749 -0.751486 0.000000
    outer loop
      vertex -0.70710 7.29290 0.00000
      vertex -0.60880 7.20660 0.00000
      vertex -0.60880 7.20660 3.20000
    endloop
  endfacet
  facet normal -0.659749 -0.751486 0.000000
    outer loop
      vertex -0.60880 7.20660 3.20000
      vertex -0.70710 7.29290 3.20000
      vertex -0.70710 7.29290 0.00000
    endloop
  endfacet
  facet normal 0.000000 0.000000 -1.000000
    outer loop
      vertex -0.60880 7.20660 3.20000
      vertex -1.41440 6.58560 3.20000
      vertex -0.70720 7.29280 3.20000
    endloop
  endfacet
  facet normal 0.000000 0.000000 -1.000000
    outer loop
      vertex -1.58680 6.78230 3.20000
      vertex -0.70720 7.29280 3.20000
      vertex -1.41440 6.58560 3.20000
    endloop
  endfacet
  facet normal 0.752032 0.659127 0.000000
    outer loop
      vertex -1.41440 6.58560 3.20000
      vertex -1.58680 6.78230 0.00000
      vertex -1.58680 6.78230 3.20000
    endloop
  endfacet
  facet normal 0.659127 0.752032 0.000000
    outer loop
      vertex -1.21770 6.41320 3.20000
      vertex -1.41440 6.58560 0.00000
      vertex -1.41440 6.58560 3.20000
    endloop
  endfacet
  facet normal 0.752032 0.659127 0.000000
    outer loop
      vertex -1.58680 6.78230 0.00000
      vertex -1.41440 6.58560 3.20000
      vertex -1.41440 6.58560 0.00000
    endloop
  endfacet
  facet normal 0.555582 0.831462 0.000000
    outer loop
      vertex -1.00010 6.26780 3.20000
      vertex -1.21770 6.41320 0.00000
      vertex -1.21770 6.41320 3.20000
    endloop
  endfacet
  facet normal 0.000000 0.000000 -1.000000
    outer loop
      vertex -0.50010 7.13390 3.20000
      vertex -1.21770 6.41320 3.20000
      vertex -0.60880 7.20660 3.20000
    endloop
  endfacet
  facet normal 0.000000 0.000000 -1.000000
    outer loop
      vertex -1.21770 6.41320 3.20000
      vertex -0.50010 7.13390 3.20000
      vertex -1.00010 6.26780 3.20000
    endloop
  endfacet
  facet normal 0.000000 0.000000 -1.000000
    outer loop
      vertex -1.00010 6.26780 3.20000
      vertex -0.38270 7.07600 3.20000
      vertex -0.76550 6.15190 3.20000
    endloop
  endfacet
  facet normal 0.442928 0.896557 0.000000
    outer loop
      vertex -0.76550 6.15190 3.20000
      vertex -1.00010 6.26780 0.00000
      vertex -1.00010 6.26780 3.20000
    endloop
  endfacet
  facet normal 0.321039 0.947066 0.000000
    outer loop
      vertex -0.51770 6.06790 3.20000
      vertex -0.76550 6.15190 0.00000
      vertex -0.76550 6.15190 3.20000
    endloop
  endfacet
  facet normal 0.442928 0.896557 0.000000
    outer loop
      vertex -1.00010 6.26780 0.00000
      vertex -0.76550 6.15190 3.20000
      vertex -0.76550 6.15190 0.00000
    endloop
  endfacet
  facet normal 0.195675 0.980669 0.000000
    outer loop
      vertex -0.26110 6.01670 3.20000
      vertex -0.51770 6.06790 0.00000
      vertex -0.51770 6.06790 3.20000
    endloop
  endfacet
  facet normal 0.000000 0.000000 -1.000000
    outer loop
      vertex -0.13050 7.00840 3.20000
      vertex -0.51770 6.06790 3.20000
      vertex -0.25880 7.03400 3.20000
    endloop
  endfacet
  facet normal 0.000000 0.000000 -1.000000
    outer loop
      vertex -0.51770 6.06790 3.20000
      vertex -0.13050 7.00840 3.20000
      vertex -0.26110 6.01670 3.20000
    endloop
  endfacet
  facet normal 0.000000 0.000000 -1.000000
    outer loop
      vertex -0.26110 6.01670 3.20000
      vertex 0.00000 6.99990 3.20000
      vertex 0.00000 5.99980 3.20000
    endloop
  endfacet
  facet normal 0.064591 0.997912 0.000000
    outer loop
      vertex 0.00000 5.99980 3.20000
      vertex -0.26110 6.01670 0.00000
      vertex -0.26110 6.01670 3.20000
    endloop
  endfacet
  facet normal -0.064591 0.997912 0.000000
    outer loop
      vertex 0.26110 6.01670 3.20000
      vertex 0.00000 5.99980 0.00000
      vertex 0.00000 5.99980 3.20000
    endloop
  endfacet
  facet normal 0.064591 0.997912 0.000000
    outer loop
      vertex -0.26110 6.01670 0.00000
      vertex 0.00000 5.99980 3.20000
      vertex 0.00000 5.99980 0.00000
    endloop
  endfacet
  facet normal -0.195675 0.980669 0.000000
    outer loop
      vertex 0.51770 6.06790 3.20000
      vertex 0.26110 6.01670 0.00000
      vertex 0.26110 6.01670 3.20000
    endloop
  endfacet
  facet normal 0.000000 0.000000 -1.000000
    outer loop
      vertex 0.25880 7.03400 3.20000
      vertex 0.26110 6.01670 3.20000
      vertex 0.13050 7.00840 3.20000
    endloop
  endfacet
  facet normal 0.000000 0.000000 -1.000000
    outer loop
      vertex 0.26110 6.01670 3.20000
      vertex 0.25880 7.03400 3.20000
      vertex 0.51770 6.06790 3.20000
    endloop
  endfacet
  facet normal 0.000000 0.000000 -1.000000
    outer loop
      vertex 0.51770 6.06790 3.20000
      vertex 0.38270 7.07600 3.20000
      vertex 0.76550 6.15190 3.20000
    endloop
  endfacet
  facet normal -0.321039 0.947066 0.000000
    outer loop
      vertex 0.76550 6.15190 3.20000
      vertex 0.51770 6.06790 0.00000
      vertex 0.51770 6.06790 3.20000
    endloop
  endfacet
  facet normal -0.442928 0.896557 0.000000
    outer loop
      vertex 1.00010 6.26780 3.20000
      vertex 0.76550 6.15190 0.00000
      vertex 0.76550 6.15190 3.20000
    endloop
  endfacet
  facet normal -0.321039 0.947066 0.000000
    outer loop
      vertex 0.51770 6.06790 0.00000
      vertex 0.76550 6.15190 3.20000
      vertex 0.76550 6.15190 0.00000
    endloop
  endfacet
  facet normal -0.555582 0.831462 0.000000
    outer loop
      vertex 1.21770 6.41320 3.20000
      vertex 1.00010 6.26780 0.00000
      vertex 1.00010 6.26780 3.20000
    endloop
  endfacet
  facet normal 0.000000 0.000000 -1.000000
    outer loop
      vertex 0.60880 7.20660 3.20000
      vertex 1.00010 6.26780 3.20000
      vertex 0.50010 7.13390 3.20000
    endloop
  endfacet
  facet normal 0.000000 0.000000 -1.000000
    outer loop
      vertex 1.00010 6.26780 3.20000
      vertex 0.60880 7.20660 3.20000
      vertex 1.21770 6.41320 3.20000
    endloop
  endfacet
  facet normal 0.659749 -0.751486 0.000000
    outer loop
      vertex 0.70710 7.29290 3.20000
      vertex 0.60880 7.20660 3.20000
      vertex 0.60880 7.20660 0.00000
    endloop
  endfacet
  facet normal 0.555053 -0.831815 0.000000
    outer loop
      vertex 0.50000 7.13400 0.00000
      vertex 0.60880 7.20660 0.00000
      vertex 0.60880 7.20660 3.20000
    endloop
  endfacet
  facet normal 0.555053 -0.831815 0.000000
    outer loop
      vertex 0.60880 7.20660 3.20000
      vertex 0.50000 7.13400 3.20000
      vertex 0.50000 7.13400 0.00000
    endloop
  endfacet
  facet normal 0.000000 0.000000 -1.000000
    outer loop
      vertex 0.86610 7.49990 3.20000
      vertex 1.58680 6.78230 3.20000
      vertex 0.79340 7.39120 3.20000
    endloop
  endfacet
  facet normal 0.831815 -0.555053 0.000000
    outer loop
      vertex 0.86600 7.50000 3.20000
      vertex 0.79340 7.39120 3.20000
      vertex 0.79340 7.39120 0.00000
    endloop
  endfacet
  facet normal 0.751486 -0.659749 0.000000
    outer loop
      vertex 0.70710 7.29290 0.00000
      vertex 0.79340 7.39120 0.00000
      vertex 0.79340 7.39120 3.20000
    endloop
  endfacet
  facet normal 0.751486 -0.659749 0.000000
    outer loop
      vertex 0.79340 7.39120 3.20000
      vertex 0.70710 7.29290 3.20000
      vertex 0.70710 7.29290 0.00000
    endloop
  endfacet
  facet normal 0.000000 0.000000 -1.000000
    outer loop
      vertex 1.41440 6.58560 3.20000
      vertex 0.79340 7.39120 3.20000
      vertex 1.58680 6.78230 3.20000
    endloop
  endfacet
  facet normal 0.000000 0.000000 -1.000000
    outer loop
      vertex 1.21770 6.41320 3.20000
      vertex 0.70720 7.29280 3.20000
      vertex 1.41440 6.58560 3.20000
    endloop
  endfacet
  facet normal -0.659127 0.752032 0.000000
    outer loop
      vertex 1.21770 6.41320 0.00000
      vertex 1.41440 6.58560 3.20000
      vertex 1.41440 6.58560 0.00000
    endloop
  endfacet
  facet normal -0.659127 0.752032 0.000000
    outer loop
      vertex 1.41440 6.58560 3.20000
      vertex 1.21770 6.41320 0.00000
      vertex 1.21770 6.41320 3.20000
    endloop
  endfacet
  facet normal 0.000000 0.000000 1.000000
    outer loop
      vertex 2.00000 8.00000 0.00000
      vertex 2.80000 6.40000 0.00000
      vertex 2.80000 9.60000 0.00000
    endloop
  endfacet
  facet normal 0.000000 0.000000 1.000000
    outer loop
      vertex 2.80000 6.40000 0.00000
      vertex 2.00000 8.00000 0.00000
      vertex 1.84760 7.23480 0.00000
    endloop
  endfacet
  facet normal 0.000000 0.000000 1.000000
    outer loop
      vertex 1.41440 6.58600 0.00000
      vertex 2.80000 6.40000 0.00000
      vertex 1.84760 7.23480 0.00000
    endloop
  endfacet
  facet normal 0.000000 0.000000 1.000000
    outer loop
      vertex 2.80000 6.40000 0.00000
      vertex 1.41440 6.58600 0.00000
      vertex 1.60000 6.40000 0.00000
    endloop
  endfacet
  facet normal -1.000000 0.000000 0.000000
    outer loop
      vertex 2.80000 6.40000 1.60000
      vertex 2.80000 9.60000 0.00000
      vertex 2.80000 6.40000 0.00000
    endloop
  endfacet
  facet normal -0.707107 0.707107 0.000000
    outer loop
      vertex 2.80000 6.40000 0.00000
      vertex 1.60000 5.20000 1.60000
      vertex 2.80000 6.40000 1.60000
    endloop
  endfacet
  facet normal 0.000000 0.000000 1.000000
    outer loop
      vertex 1.60000 5.60000 0.00000
      vertex 1.60000 5.20000 0.00000
      vertex 2.80000 6.40000 0.00000
    endloop
  endfacet
  facet normal -0.707107 0.707107 0.000000
    outer loop
      vertex 1.60000 5.20000 1.60000
      vertex 2.80000 6.40000 0.00000
      vertex 1.60000 5.20000 0.00000
    endloop
  endfacet
  facet normal -1.000000 0.000000 0.000000
    outer loop
      vertex 1.60000 -5.05840 1.60000
      vertex 1.60000 5.20000 1.60000
      vertex 1.60000 5.20000 0.00000
    endloop
  endfacet
  facet normal 0.000000 0.000000 1.000000
    outer loop
      vertex 0.00000 4.00000 0.00000
      vertex 1.60000 -5.05840 0.00000
      vertex 1.60000 5.20000 0.00000
    endloop
  endfacet
  facet normal 0.000000 0.000000 1.000000
    outer loop
      vertex 1.60000 -5.05840 0.00000
      vertex 0.00000 -6.00000 0.00000
      vertex 0.76520 -6.15240 0.00000
    endloop
  endfacet
  facet normal 0.000000 0.000000 1.000000
    outer loop
      vertex 0.76520 -6.15240 0.00000
      vertex 2.40400 -5.59600 0.00000
      vertex 1.60000 -5.05840 0.00000
    endloop
  endfacet
  facet normal -1.000000 0.000000 0.000000
    outer loop
      vertex 1.60000 5.20000 0.00000
      vertex 1.60000 -5.05840 0.00000
      vertex 1.60000 -5.05840 1.60000
    endloop
  endfacet
  facet normal -0.555845 -0.831286 0.000000
    outer loop
      vertex 2.40400 -5.59600 0.00000
      vertex 1.60000 -5.05840 1.60000
      vertex 1.60000 -5.05840 0.00000
    endloop
  endfacet
  facet normal 0.000000 0.000000 1.000000
    outer loop
      vertex -0.76520 -6.15240 0.00000
      vertex 0.00000 -4.00000 0.00000
      vertex -1.17160 -5.17160 0.00000
    endloop
  endfacet
  facet normal 0.000000 0.000000 1.000000
    outer loop
      vertex 0.00000 -4.00000 0.00000
      vertex -0.76520 -6.15240 0.00000
      vertex 0.00000 -6.00000 0.00000
    endloop
  endfacet
  facet normal 0.000000 0.000000 1.000000
    outer loop
      vertex 0.00000 -6.00000 0.00000
      vertex 1.60000 -5.05840 0.00000
      vertex 0.00000 -4.00000 0.00000
    endloop
  endfacet
  facet normal 0.000000 0.000000 -1.000000
    outer loop
      vertex 2.00000 -6.00000 3.20000
      vertex 0.51760 -6.06820 3.20000
      vertex 0.26100 -6.01720 3.20000
    endloop
  endfacet
  facet normal 0.000000 0.000000 -1.000000
    outer loop
      vertex 2.00000 -6.00000 3.20000
      vertex 0.76540 -6.15220 3.20000
      vertex 0.51760 -6.06820 3.20000
    endloop
  endfacet
  facet normal 0.000000 0.000000 -1.000000
    outer loop
      vertex 2.00000 -6.00000 3.20000
      vertex 1.00000 -6.26800 3.20000
      vertex 0.76540 -6.15220 3.20000
    endloop
  endfacet
  facet normal 0.000000 0.000000 -1.000000
    outer loop
      vertex 2.00000 -6.00000 3.20000
      vertex 1.21760 -6.41320 3.20000
      vertex 1.00000 -6.26800 3.20000
    endloop
  endfacet
  facet normal 0.000000 0.000000 -1.000000
    outer loop
      vertex 2.00000 -6.00000 3.20000
      vertex 1.41420 -6.58580 3.20000
      vertex 1.21760 -6.41320 3.20000
    endloop
  endfacet
  facet normal 0.000000 0.000000 -1.000000
    outer loop
      vertex 2.00000 -6.00000 3.20000
      vertex 1.58680 -6.78240 3.20000
      vertex 1.41420 -6.58580 3.20000
    endloop
  endfacet
  facet normal 0.000000 0.000000 -1.000000
    outer loop
      vertex 2.00000 -6.00000 3.20000
      vertex 1.73200 -7.00000 3.20000
      vertex 1.58680 -6.78240 3.20000
    endloop
  endfacet
  facet normal 0.000000 0.000000 -1.000000
    outer loop
      vertex 2.00000 -6.00000 3.20000
      vertex 1.84780 -7.23460 3.20000
      vertex 1.73200 -7.00000 3.20000
    endloop
  endfacet
  facet normal 0.000000 0.000000 -1.000000
    outer loop
      vertex 2.00000 -6.00000 3.20000
      vertex 1.93180 -7.48240 3.20000
      vertex 1.84780 -7.23460 3.20000
    endloop
  endfacet
  facet normal 0.000000 0.000000 -1.000000
    outer loop
      vertex 2.00000 -6.00000 3.20000
      vertex 1.98280 -7.73900 3.20000
      vertex 1.93180 -7.48240 3.20000
    endloop
  endfacet
  facet normal 0.000000 0.000000 -1.000000
    outer loop
      vertex 2.00000 -6.00000 3.20000
      vertex 2.00000 -8.00000 3.20000
      vertex 1.98280 -7.73900 3.20000
    endloop
  endfacet
  facet normal 0.000000 0.000000 -1.000000
    outer loop
      vertex 2.00000 -6.00000 3.20000
      vertex 0.00000 -6.00000 3.20000
      vertex 0.00000 -4.00000 3.20000
    endloop
  endfacet
  facet normal 0.000000 0.000000 -1.000000
    outer loop
      vertex 0.00000 -6.00000 3.20000
      vertex -1.17160 -5.17160 3.20000
      vertex 0.00000 -4.00000 3.20000
    endloop
  endfacet
  facet normal 0.707107 -0.707107 0.000000
    outer loop
      vertex -1.17160 -5.17160 3.20000
      vertex 0.00000 -4.00000 0.00000
      vertex 0.00000 -4.00000 3.20000
    endloop
  endfacet
  facet normal 1.000000 0.000000 0.000000
    outer loop
      vertex 0.00000 -4.00000 3.20000
      vertex 0.00000 4.00000 0.00000
      vertex 0.00000 4.00000 3.20000
    endloop
  endfacet
  facet normal 1.000000 0.000000 0.000000
    outer loop
      vertex 0.00000 4.00000 0.00000
      vertex 0.00000 -4.00000 3.20000
      vertex 0.00000 -4.00000 0.00000
    endloop
  endfacet
  facet normal 0.000000 0.000000 -1.000000
    outer loop
      vertex 1.60000 5.60000 3.20000
      vertex 0.00000 -4.00000 3.20000
      vertex 0.00000 4.00000 3.20000
    endloop
  endfacet
  facet normal 0.707107 -0.707107 0.000000
    outer loop
      vertex 1.60000 5.60000 3.20000
      vertex 0.00000 4.00000 0.00000
      vertex 1.60000 5.60000 0.00000
    endloop
  endfacet
  facet normal 0.707107 -0.707107 0.000000
    outer loop
      vertex 0.00000 4.00000 0.00000
      vertex 1.60000 5.60000 3.20000
      vertex 0.00000 4.00000 3.20000
    endloop
  endfacet
  facet normal 1.000000 0.000000 0.000000
    outer loop
      vertex 1.60000 5.60000 3.20000
      vertex 1.60000 5.60000 0.00000
      vertex 1.60000 6.40000 0.00000
    endloop
  endfacet
  facet normal 1.000000 0.000000 0.000000
    outer loop
      vertex 1.60000 6.40000 0.00000
      vertex 1.60000 6.40000 3.20000
      vertex 1.60000 5.60000 3.20000
    endloop
  endfacet
  facet normal 0.707107 0.707107 0.000000
    outer loop
      vertex 1.41440 6.58560 3.20000
      vertex 1.60000 6.40000 3.20000
      vertex 1.60000 6.40000 0.00000
    endloop
  endfacet
  facet normal 0.000000 0.000000 -1.000000
    outer loop
      vertex 1.41440 6.58560 3.20000
      vertex 2.82880 8.00000 3.20000
      vertex 1.60000 6.40000 3.20000
    endloop
  endfacet
  facet normal 0.000000 0.000000 -1.000000
    outer loop
      vertex 1.41440 9.41440 3.20000
      vertex 2.82880 8.00000 3.20000
      vertex 1.58680 9.21770 3.20000
    endloop
  endfacet
  facet normal 0.000000 0.000000 -1.000000
    outer loop
      vertex 1.58680 9.21770 3.20000
      vertex 2.82880 8.00000 3.20000
      vertex 1.73220 9.00010 3.20000
    endloop
  endfacet
  facet normal 0.000000 0.000000 -1.000000
    outer loop
      vertex 1.73220 9.00010 3.20000
      vertex 2.82880 8.00000 3.20000
      vertex 1.84810 8.76550 3.20000
    endloop
  endfacet
  facet normal 0.000000 0.000000 -1.000000
    outer loop
      vertex 1.84810 8.76550 3.20000
      vertex 2.82880 8.00000 3.20000
      vertex 1.93210 8.51770 3.20000
    endloop
  endfacet
  facet normal 0.000000 0.000000 -1.000000
    outer loop
      vertex 1.93210 8.51770 3.20000
      vertex 2.82880 8.00000 3.20000
      vertex 1.98330 8.26110 3.20000
    endloop
  endfacet
  facet normal 0.000000 0.000000 -1.000000
    outer loop
      vertex 1.98330 8.26110 3.20000
      vertex 2.82880 8.00000 3.20000
      vertex 2.00020 8.00000 3.20000
    endloop
  endfacet
  facet normal 0.000000 0.000000 -1.000000
    outer loop
      vertex 2.00020 8.00000 3.20000
      vertex 2.82880 8.00000 3.20000
      vertex 1.98330 7.73890 3.20000
    endloop
  endfacet
  facet normal 0.000000 0.000000 -1.000000
    outer loop
      vertex 1.98330 7.73890 3.20000
      vertex 2.82880 8.00000 3.20000
      vertex 1.93210 7.48230 3.20000
    endloop
  endfacet
  facet normal 0.000000 0.000000 -1.000000
    outer loop
      vertex 1.93210 7.48230 3.20000
      vertex 2.82880 8.00000 3.20000
      vertex 1.84810 7.23450 3.20000
    endloop
  endfacet
  facet normal 0.000000 0.000000 -1.000000
    outer loop
      vertex 1.84810 7.23450 3.20000
      vertex 2.82880 8.00000 3.20000
      vertex 1.73220 6.99990 3.20000
    endloop
  endfacet
  facet normal 0.000000 0.000000 -1.000000
    outer loop
      vertex 1.73220 6.99990 3.20000
      vertex 2.82880 8.00000 3.20000
      vertex 1.58680 6.78230 3.20000
    endloop
  endfacet
  facet normal 0.000000 0.000000 -1.000000
    outer loop
      vertex 1.58680 6.78230 3.20000
      vertex 2.82880 8.00000 3.20000
      vertex 1.41440 6.58560 3.20000
    endloop
  endfacet
  facet normal 0.000000 0.000000 -1.000000
    outer loop
      vertex 1.60000 9.60000 3.20000
      vertex 2.82880 8.00000 3.20000
      vertex 1.41440 9.41440 3.20000
    endloop
  endfacet
  facet normal 1.000000 0.000000 0.000000
    outer loop
      vertex 1.60000 9.60000 3.20000
      vertex 1.60000 9.60000 0.00000
      vertex 1.60000 10.40000 0.00000
    endloop
  endfacet
  facet normal 0.707107 -0.707107 0.000000
    outer loop
      vertex 1.41440 9.41440 0.00000
      vertex 1.60000 9.60000 0.00000
      vertex 1.60000 9.60000 3.20000
    endloop
  endfacet
  facet normal 0.707107 -0.707107 0.000000
    outer loop
      vertex 1.60000 9.60000 3.20000
      vertex 1.41440 9.41440 3.20000
      vertex 1.41440 9.41440 0.00000
    endloop
  endfacet
  facet normal 0.000000 0.000000 -1.000000
    outer loop
      vertex 4.00000 16.00000 3.20000
      vertex 2.82880 8.00000 3.20000
      vertex 1.60000 10.40000 3.20000
    endloop
  endfacet
  facet normal 0.000000 0.000000 -1.000000
    outer loop
      vertex 0.00000 12.00000 3.20000
      vertex 4.00000 16.00000 3.20000
      vertex 1.60000 10.40000 3.20000
    endloop
  endfacet
  facet normal 1.000000 0.000000 0.000000
    outer loop
      vertex 1.60000 10.40000 0.00000
      vertex 1.60000 10.40000 3.20000
      vertex 1.60000 9.60000 3.20000
    endloop
  endfacet
  facet normal 0.707107 0.707107 0.000000
    outer loop
      vertex 0.00000 12.00000 0.00000
      vertex 1.60000 10.40000 3.20000
      vertex 1.60000 10.40000 0.00000
    endloop
  endfacet
  facet normal 1.000000 0.000000 0.000000
    outer loop
      vertex 0.00000 16.00000 3.20000
      vertex 0.00000 12.00000 0.00000
      vertex 0.00000 16.00000 1.80000
    endloop
  endfacet
  facet normal 1.000000 0.000000 0.000000
    outer loop
      vertex 0.00000 12.00000 0.00000
      vertex 0.00000 16.00000 3.20000
      vertex 0.00000 12.00000 3.20000
    endloop
  endfacet
  facet normal 0.000000 0.000000 1.000000
    outer loop
      vertex 1.60000 10.80000 0.00000
      vertex 1.60000 10.40000 0.00000
      vertex 2.80000 9.60000 0.00000
    endloop
  endfacet
  facet normal 0.000000 0.000000 1.000000
    outer loop
      vertex 1.60000 10.40000 0.00000
      vertex 1.60000 10.80000 0.00000
      vertex 0.00000 12.00000 0.00000
    endloop
  endfacet
  facet normal -1.000000 0.000000 0.000000
    outer loop
      vertex 1.60000 15.60000 1.60000
      vertex 1.60000 10.80000 0.00000
      vertex 1.60000 10.80000 1.60000
    endloop
  endfacet
  facet normal -0.707107 -0.707107 0.000000
    outer loop
      vertex 2.80000 9.60000 1.60000
      vertex 1.60000 10.80000 0.00000
      vertex 2.80000 9.60000 0.00000
    endloop
  endfacet
  facet normal -0.707107 -0.707107 0.000000
    outer loop
      vertex 1.60000 10.80000 0.00000
      vertex 2.80000 9.60000 1.60000
      vertex 1.60000 10.80000 1.60000
    endloop
  endfacet
  facet normal 0.000000 0.000000 1.000000
    outer loop
      vertex 0.00000 12.00000 0.00000
      vertex 1.60000 15.60000 0.00000
      vertex 0.00000 17.40000 0.00000
    endloop
  endfacet
  facet normal -1.000000 0.000000 0.000000
    outer loop
      vertex 1.60000 10.80000 0.00000
      vertex 1.60000 15.60000 1.60000
      vertex 1.60000 15.60000 0.00000
    endloop
  endfacet
  facet normal 0.000000 1.000000 0.000000
    outer loop
      vertex 6.40000 15.60000 1.60000
      vertex 1.60000 15.60000 0.00000
      vertex 1.60000 15.60000 1.60000
    endloop
  endfacet
  facet normal 0.000000 0.000000 1.000000
    outer loop
      vertex 8.00000 17.20000 0.00000
      vertex 6.40000 15.60000 0.00000
      vertex 8.00000 16.00000 0.00000
    endloop
  endfacet
  facet normal -1.000000 0.000000 0.000000
    outer loop
      vertex 8.00000 22.00000 2.20000
      vertex 8.00000 17.20000 0.00000
      vertex 8.00000 18.00000 2.20000
    endloop
  endfacet
  facet normal -1.000000 0.000000 0.000000
    outer loop
      vertex 8.00000 22.00000 3.20000
      vertex 8.00000 18.00000 2.20000
      vertex 8.00000 18.00000 3.20000
    endloop
  endfacet
  facet normal -1.000000 0.000000 0.000000
    outer loop
      vertex 8.00000 22.00000 3.20000
      vertex 8.00000 18.00000 3.20000
      vertex 8.00000 20.00000 4.40000
    endloop
  endfacet
  facet normal -1.000000 0.000000 0.000000
    outer loop
      vertex 8.00000 18.00000 2.20000
      vertex 8.00000 22.00000 3.20000
      vertex 8.00000 22.00000 2.20000
    endloop
  endfacet
  facet normal -1.000000 0.000000 0.000000
    outer loop
      vertex 8.00000 22.80000 2.20000
      vertex 8.00000 22.80000 0.00000
      vertex 8.00000 22.00000 2.20000
    endloop
  endfacet
  facet normal -1.000000 0.000000 0.000000
    outer loop
      vertex 8.00000 17.20000 0.00000
      vertex 8.00000 22.00000 2.20000
      vertex 8.00000 22.80000 0.00000
    endloop
  endfacet
  facet normal -1.000000 0.000000 0.000000
    outer loop
      vertex 8.00000 18.00000 2.20000
      vertex 8.00000 17.20000 0.00000
      vertex 8.00000 17.20000 2.20000
    endloop
  endfacet
  facet normal 0.000000 1.000000 0.000000
    outer loop
      vertex 1.60000 15.60000 0.00000
      vertex 6.40000 15.60000 1.60000
      vertex 6.40000 15.60000 0.00000
    endloop
  endfacet
  facet normal 1.000000 0.000000 0.000000
    outer loop
      vertex 6.40000 -15.60000 1.60000
      vertex 6.40000 15.60000 0.00000
      vertex 6.40000 15.60000 1.60000
    endloop
  endfacet
  facet normal 0.000000 0.000000 1.000000
    outer loop
      vertex 8.00000 16.00000 0.00000
      vertex 6.40000 -15.60000 0.00000
      vertex 8.00000 -16.00000 0.00000
    endloop
  endfacet
  facet normal 0.000000 -1.000000 0.000000
    outer loop
      vertex 1.60000 -15.60000 1.60000
      vertex 6.40000 -15.60000 0.00000
      vertex 6.40000 -15.60000 1.60000
    endloop
  endfacet
  facet normal 1.000000 0.000000 0.000000
    outer loop
      vertex 6.40000 15.60000 0.00000
      vertex 6.40000 -15.60000 1.60000
      vertex 6.40000 -15.60000 0.00000
    endloop
  endfacet
  facet normal 0.000000 0.000000 1.000000
    outer loop
      vertex 1.60000 -10.94160 0.00000
      vertex 0.00000 -16.80000 0.00000
      vertex 1.60000 -15.60000 0.00000
    endloop
  endfacet
  facet normal -1.000000 0.000000 0.000000
    outer loop
      vertex 1.60000 -15.60000 0.00000
      vertex 1.60000 -10.94160 1.60000
      vertex 1.60000 -10.94160 0.00000
    endloop
  endfacet
  facet normal -1.000000 0.000000 0.000000
    outer loop
      vertex 1.60000 -10.94160 1.60000
      vertex 1.60000 -15.60000 0.00000
      vertex 1.60000 -15.60000 1.60000
    endloop
  endfacet
  facet normal 0.000000 -1.000000 0.000000
    outer loop
      vertex 6.40000 -15.60000 0.00000
      vertex 1.60000 -15.60000 1.60000
      vertex 1.60000 -15.60000 0.00000
    endloop
  endfacet
  facet normal 0.000000 0.000000 1.000000
    outer loop
      vertex 6.40000 -16.80000 0.00000
      vertex 1.60000 -15.60000 0.00000
      vertex 0.00000 -16.80000 0.00000
    endloop
  endfacet
  facet normal 0.000000 0.000000 1.000000
    outer loop
      vertex 6.40000 -22.60000 0.00000
      vertex 8.00000 -17.20000 0.00000
      vertex 6.40000 -16.80000 0.00000
    endloop
  endfacet
  facet normal -1.000000 0.000000 0.000000
    outer loop
      vertex 8.00000 -17.20000 2.20000
      vertex 8.00000 -17.20000 0.00000
      vertex 8.00000 -18.00000 2.20000
    endloop
  endfacet
  facet normal -1.000000 0.000000 0.000000
    outer loop
      vertex 8.00000 -22.00000 2.20000
      vertex 8.00000 -18.00000 3.20000
      vertex 8.00000 -18.00000 2.20000
    endloop
  endfacet
  facet normal -1.000000 0.000000 0.000000
    outer loop
      vertex 8.00000 -18.00000 3.20000
      vertex 8.00000 -22.00000 3.20000
      vertex 8.00000 -20.00000 4.40000
    endloop
  endfacet
  facet normal -1.000000 0.000000 0.000000
    outer loop
      vertex 8.00000 -18.00000 3.20000
      vertex 8.00000 -22.00000 2.20000
      vertex 8.00000 -22.00000 3.20000
    endloop
  endfacet
  facet normal -1.000000 0.000000 0.000000
    outer loop
      vertex 8.00000 -22.00000 2.20000
      vertex 8.00000 -22.80000 0.00000
      vertex 8.00000 -22.80000 2.20000
    endloop
  endfacet
  facet normal -1.000000 0.000000 0.000000
    outer loop
      vertex 8.00000 -18.00000 2.20000
      vertex 8.00000 -22.80000 0.00000
      vertex 8.00000 -22.00000 2.20000
    endloop
  endfacet
  facet normal -1.000000 0.000000 0.000000
    outer loop
      vertex 8.00000 -22.80000 0.00000
      vertex 8.00000 -18.00000 2.20000
      vertex 8.00000 -17.20000 0.00000
    endloop
  endfacet
  facet normal 0.000000 0.000000 1.000000
    outer loop
      vertex 8.00000 -17.20000 0.00000
      vertex 6.40000 -22.60000 0.00000
      vertex 8.00000 -22.80000 0.00000
    endloop
  endfacet
  facet normal 0.000000 0.000000 1.000000
    outer loop
      vertex 6.40000 -16.80000 0.00000
      vertex 8.00000 -16.00000 0.00000
      vertex 6.40000 -15.60000 0.00000
    endloop
  endfacet
  facet normal 0.000000 0.000000 1.000000
    outer loop
      vertex 8.00000 -16.00000 0.00000
      vertex 6.40000 -16.80000 0.00000
      vertex 8.00000 -17.20000 0.00000
    endloop
  endfacet
  facet normal 0.000000 0.000000 1.000000
    outer loop
      vertex -1.84000 -22.00000 1.80000
      vertex 6.40000 -17.00000 1.80000
      vertex -1.84000 -20.24000 1.80000
    endloop
  endfacet
  facet normal 0.000000 0.000000 1.000000
    outer loop
      vertex -1.84000 -20.24000 1.80000
      vertex -2.29550 -21.94000 1.80000
      vertex -2.06970 -21.98490 1.80000
    endloop
  endfacet
  facet normal 0.320914 0.947108 0.000000
    outer loop
      vertex -2.51360 -21.86610 3.20000
      vertex -2.29550 -21.94000 3.20000
      vertex -2.29550 -21.94000 1.80000
    endloop
  endfacet
  facet normal 0.000000 0.000000 -1.000000
    outer loop
      vertex -2.29550 -21.94000 3.20000
      vertex -3.46610 -20.91360 3.20000
      vertex -3.54000 -20.69550 3.20000
    endloop
  endfacet
  facet normal 0.896675 0.442690 0.000000
    outer loop
      vertex -3.46610 -20.91360 3.20000
      vertex -3.36420 -21.12000 3.20000
      vertex -3.36420 -21.12000 1.80000
    endloop
  endfacet
  facet normal 0.000000 0.000000 -1.000000
    outer loop
      vertex -2.72000 -21.76420 3.20000
      vertex -3.23640 -21.31150 3.20000
      vertex -3.36420 -21.12000 3.20000
    endloop
  endfacet
  facet normal 0.000000 0.000000 -1.000000
    outer loop
      vertex -2.91150 -21.63640 3.20000
      vertex -3.08450 -21.48450 3.20000
      vertex -3.23640 -21.31150 3.20000
    endloop
  endfacet
  facet normal 0.659795 0.751445 0.000000
    outer loop
      vertex -2.91150 -21.63640 1.80000
      vertex -3.08450 -21.48450 1.80000
      vertex -3.08450 -21.48450 3.20000
    endloop
  endfacet
  facet normal 0.555101 0.831783 0.000000
    outer loop
      vertex -2.72000 -21.76420 1.80000
      vertex -2.91150 -21.63640 1.80000
      vertex -2.91150 -21.63640 3.20000
    endloop
  endfacet
  facet normal 0.659795 0.751445 0.000000
    outer loop
      vertex -3.08450 -21.48450 3.20000
      vertex -2.91150 -21.63640 3.20000
      vertex -2.91150 -21.63640 1.80000
    endloop
  endfacet
  facet normal 0.751445 0.659795 0.000000
    outer loop
      vertex -3.23640 -21.31150 3.20000
      vertex -3.08450 -21.48450 3.20000
      vertex -3.08450 -21.48450 1.80000
    endloop
  endfacet
  facet normal 0.751445 0.659795 0.000000
    outer loop
      vertex -3.08450 -21.48450 1.80000
      vertex -3.23640 -21.31150 1.80000
      vertex -3.23640 -21.31150 3.20000
    endloop
  endfacet
  facet normal 0.000000 0.000000 -1.000000
    outer loop
      vertex -3.23640 -21.31150 3.20000
      vertex -2.72000 -21.76420 3.20000
      vertex -2.91150 -21.63640 3.20000
    endloop
  endfacet
  facet normal 0.442690 0.896675 0.000000
    outer loop
      vertex -2.51360 -21.86610 1.80000
      vertex -2.72000 -21.76420 1.80000
      vertex -2.72000 -21.76420 3.20000
    endloop
  endfacet
  facet normal 0.555101 0.831783 0.000000
    outer loop
      vertex -2.91150 -21.63640 3.20000
      vertex -2.72000 -21.76420 3.20000
      vertex -2.72000 -21.76420 1.80000
    endloop
  endfacet
  facet normal 0.831783 0.555101 0.000000
    outer loop
      vertex -3.36420 -21.12000 3.20000
      vertex -3.23640 -21.31150 3.20000
      vertex -3.23640 -21.31150 1.80000
    endloop
  endfacet
  facet normal 0.831783 0.555101 0.000000
    outer loop
      vertex -3.23640 -21.31150 1.80000
      vertex -3.36420 -21.12000 1.80000
      vertex -3.36420 -21.12000 3.20000
    endloop
  endfacet
  facet normal 0.896675 0.442690 0.000000
    outer loop
      vertex -3.36420 -21.12000 1.80000
      vertex -3.46610 -20.91360 1.80000
      vertex -3.46610 -20.91360 3.20000
    endloop
  endfacet
  facet normal 0.000000 0.000000 -1.000000
    outer loop
      vertex -2.06970 -21.98490 3.20000
      vertex -3.54000 -20.69550 3.20000
      vertex -3.58490 -20.46970 3.20000
    endloop
  endfacet
  facet normal 0.000000 0.000000 -1.000000
    outer loop
      vertex -1.84000 -22.00000 3.20000
      vertex -3.58490 -20.46970 3.20000
      vertex -3.60000 -20.24000 3.20000
    endloop
  endfacet
  facet normal 0.980797 0.195030 0.000000
    outer loop
      vertex -3.54000 -20.69550 1.80000
      vertex -3.58490 -20.46970 1.80000
      vertex -3.58490 -20.46970 3.20000
    endloop
  endfacet
  facet normal 0.997846 0.065596 0.000000
    outer loop
      vertex -3.60000 -20.24000 3.20000
      vertex -3.58490 -20.46970 3.20000
      vertex -3.58490 -20.46970 1.80000
    endloop
  endfacet
  facet normal 0.000000 0.000000 -1.000000
    outer loop
      vertex -3.58490 -20.46970 3.20000
      vertex -1.84000 -22.00000 3.20000
      vertex -2.06970 -21.98490 3.20000
    endloop
  endfacet
  facet normal 0.947108 0.320914 0.000000
    outer loop
      vertex -3.54000 -20.69550 3.20000
      vertex -3.46610 -20.91360 3.20000
      vertex -3.46610 -20.91360 1.80000
    endloop
  endfacet
  facet normal 0.947108 0.320914 0.000000
    outer loop
      vertex -3.46610 -20.91360 1.80000
      vertex -3.54000 -20.69550 1.80000
      vertex -3.54000 -20.69550 3.20000
    endloop
  endfacet
  facet normal 0.980797 0.195030 0.000000
    outer loop
      vertex -3.58490 -20.46970 3.20000
      vertex -3.54000 -20.69550 3.20000
      vertex -3.54000 -20.69550 1.80000
    endloop
  endfacet
  facet normal 0.000000 0.000000 -1.000000
    outer loop
      vertex -3.54000 -20.69550 3.20000
      vertex -2.06970 -21.98490 3.20000
      vertex -2.29550 -21.94000 3.20000
    endloop
  endfacet
  facet normal 0.000000 0.000000 -1.000000
    outer loop
      vertex -3.36420 -21.12000 3.20000
      vertex -2.51360 -21.86610 3.20000
      vertex -2.72000 -21.76420 3.20000
    endloop
  endfacet
  facet normal 0.000000 0.000000 -1.000000
    outer loop
      vertex -2.51360 -21.86610 3.20000
      vertex -3.36420 -21.12000 3.20000
      vertex -3.46610 -20.91360 3.20000
    endloop
  endfacet
  facet normal 0.000000 0.000000 -1.000000
    outer loop
      vertex -3.46610 -20.91360 3.20000
      vertex -2.29550 -21.94000 3.20000
      vertex -2.51360 -21.86610 3.20000
    endloop
  endfacet
  facet normal 0.442690 0.896675 0.000000
    outer loop
      vertex -2.72000 -21.76420 3.20000
      vertex -2.51360 -21.86610 3.20000
      vertex -2.51360 -21.86610 1.80000
    endloop
  endfacet
  facet normal 0.320914 0.947108 0.000000
    outer loop
      vertex -2.29550 -21.94000 1.80000
      vertex -2.51360 -21.86610 1.80000
      vertex -2.51360 -21.86610 3.20000
    endloop
  endfacet
  facet normal 0.195030 0.980797 0.000000
    outer loop
      vertex -2.29550 -21.94000 3.20000
      vertex -2.06970 -21.98490 3.20000
      vertex -2.06970 -21.98490 1.80000
    endloop
  endfacet
  facet normal 0.195030 0.980797 0.000000
    outer loop
      vertex -2.06970 -21.98490 1.80000
      vertex -2.29550 -21.94000 1.80000
      vertex -2.29550 -21.94000 3.20000
    endloop
  endfacet
  facet normal 0.000000 0.000000 1.000000
    outer loop
      vertex -1.84000 -20.24000 1.80000
      vertex -2.51360 -21.86610 1.80000
      vertex -2.29550 -21.94000 1.80000
    endloop
  endfacet
  facet normal 0.000000 0.000000 1.000000
    outer loop
      vertex -1.84000 -20.24000 1.80000
      vertex -2.72000 -21.76420 1.80000
      vertex -2.51360 -21.86610 1.80000
    endloop
  endfacet
  facet normal 0.000000 0.000000 1.000000
    outer loop
      vertex -1.84000 -20.24000 1.80000
      vertex -2.91150 -21.63640 1.80000
      vertex -2.72000 -21.76420 1.80000
    endloop
  endfacet
  facet normal 0.000000 0.000000 1.000000
    outer loop
      vertex -1.84000 -20.24000 1.80000
      vertex -3.08450 -21.48450 1.80000
      vertex -2.91150 -21.63640 1.80000
    endloop
  endfacet
  facet normal 0.000000 0.000000 1.000000
    outer loop
      vertex -1.84000 -20.24000 1.80000
      vertex -3.23640 -21.31150 1.80000
      vertex -3.08450 -21.48450 1.80000
    endloop
  endfacet
  facet normal 0.000000 0.000000 1.000000
    outer loop
      vertex -1.84000 -20.24000 1.80000
      vertex -3.36420 -21.12000 1.80000
      vertex -3.23640 -21.31150 1.80000
    endloop
  endfacet
  facet normal 0.000000 0.000000 1.000000
    outer loop
      vertex -1.84000 -20.24000 1.80000
      vertex -3.46610 -20.91360 1.80000
      vertex -3.36420 -21.12000 1.80000
    endloop
  endfacet
  facet normal 0.000000 0.000000 1.000000
    outer loop
      vertex -1.84000 -20.24000 1.80000
      vertex -3.54000 -20.69550 1.80000
      vertex -3.46610 -20.91360 1.80000
    endloop
  endfacet
  facet normal 0.000000 0.000000 1.000000
    outer loop
      vertex -1.84000 -20.24000 1.80000
      vertex -3.58490 -20.46970 1.80000
      vertex -3.54000 -20.69550 1.80000
    endloop
  endfacet
  facet normal 0.065596 0.997846 0.000000
    outer loop
      vertex -2.06970 -21.98490 3.20000
      vertex -1.84000 -22.00000 3.20000
      vertex -1.84000 -22.00000 1.80000
    endloop
  endfacet
  facet normal 0.065596 0.997846 0.000000
    outer loop
      vertex -1.84000 -22.00000 1.80000
      vertex -2.06970 -21.98490 1.80000
      vertex -2.06970 -21.98490 3.20000
    endloop
  endfacet
  facet normal 0.000000 0.000000 1.000000
    outer loop
      vertex -1.84000 -20.24000 1.80000
      vertex -2.06970 -21.98490 1.80000
      vertex -1.84000 -22.00000 1.80000
    endloop
  endfacet
  facet normal 0.000000 0.000000 1.000000
    outer loop
      vertex 6.40000 -17.00000 1.80000
      vertex -1.84000 -22.00000 1.80000
      vertex 0.00000 -22.00000 1.80000
    endloop
  endfacet
  facet normal 1.000000 0.000000 0.000000
    outer loop
      vertex 6.40000 -16.80000 0.00000
      vertex 6.40000 -22.40000 1.80000
      vertex 6.40000 -22.60000 0.00000
    endloop
  endfacet
  facet normal 0.000000 0.000000 1.000000
    outer loop
      vertex 0.00000 -22.40000 1.80000
      vertex 6.40000 -17.00000 1.80000
      vertex 0.00000 -22.00000 1.80000
    endloop
  endfacet
  facet normal 0.000000 0.000000 1.000000
    outer loop
      vertex 6.40000 -17.00000 1.80000
      vertex 0.00000 -22.40000 1.80000
      vertex 6.40000 -22.40000 1.80000
    endloop
  endfacet
  facet normal 0.000000 -0.993884 0.110432
    outer loop
      vertex 6.40000 -22.40000 1.80000
      vertex 0.00000 -22.60000 0.00000
      vertex 6.40000 -22.60000 0.00000
    endloop
  endfacet
  facet normal 0.000000 1.000000 0.000000
    outer loop
      vertex 1.60000 -24.00000 1.60000
      vertex 3.20000 -24.00000 0.00000
      vertex 1.60000 -24.00000 0.00000
    endloop
  endfacet
  facet normal 0.000000 0.000000 1.000000
    outer loop
      vertex 3.20000 -24.00000 0.00000
      vertex 4.80000 -25.60000 0.00000
      vertex 4.80000 -24.00000 0.00000
    endloop
  endfacet
  facet normal 0.000000 1.000000 0.000000
    outer loop
      vertex 3.20000 -25.60000 1.60000
      vertex 4.80000 -25.60000 0.00000
      vertex 3.20000 -25.60000 0.00000
    endloop
  endfacet
  facet normal 1.000000 0.000000 0.000000
    outer loop
      vertex 3.20000 -25.60000 0.00000
      vertex 3.20000 -24.00000 1.60000
      vertex 3.20000 -25.60000 1.60000
    endloop
  endfacet
  facet normal 0.000000 1.000000 0.000000
    outer loop
      vertex 4.80000 -25.60000 0.00000
      vertex 3.20000 -25.60000 1.60000
      vertex 4.80000 -25.60000 1.60000
    endloop
  endfacet
  facet normal -1.000000 0.000000 0.000000
    outer loop
      vertex 4.80000 -24.00000 0.00000
      vertex 4.80000 -25.60000 1.60000
      vertex 4.80000 -24.00000 1.60000
    endloop
  endfacet
  facet normal -1.000000 0.000000 0.000000
    outer loop
      vertex 4.80000 -25.60000 1.60000
      vertex 4.80000 -24.00000 0.00000
      vertex 4.80000 -25.60000 0.00000
    endloop
  endfacet
  facet normal 0.000000 0.000000 1.000000
    outer loop
      vertex 4.80000 -25.60000 0.00000
      vertex 3.20000 -24.00000 0.00000
      vertex 3.20000 -25.60000 0.00000
    endloop
  endfacet
  facet normal 1.000000 0.000000 0.000000
    outer loop
      vertex 3.20000 -24.00000 1.60000
      vertex 3.20000 -25.60000 0.00000
      vertex 3.20000 -24.00000 0.00000
    endloop
  endfacet
  facet normal 0.000000 1.000000 0.000000
    outer loop
      vertex 3.20000 -24.00000 0.00000
      vertex 1.60000 -24.00000 1.60000
      vertex 3.20000 -24.00000 1.60000
    endloop
  endfacet
  facet normal 0.000000 0.000000 1.000000
    outer loop
      vertex 1.60000 -24.00000 1.60000
      vertex 6.40000 -30.40000 1.60000
      vertex 6.40000 -24.00000 1.60000
    endloop
  endfacet
  facet normal 0.000000 -1.000000 0.000000
    outer loop
      vertex 1.60000 -30.40000 0.00000
      vertex 6.40000 -30.40000 1.60000
      vertex 1.60000 -30.40000 1.60000
    endloop
  endfacet
  facet normal 0.000000 0.000000 1.000000
    outer loop
      vertex 6.40000 -30.40000 1.60000
      vertex 1.60000 -24.00000 1.60000
      vertex 1.60000 -30.40000 1.60000
    endloop
  endfacet
  facet normal -1.000000 0.000000 0.000000
    outer loop
      vertex 1.60000 -24.00000 0.00000
      vertex 1.60000 -30.40000 1.60000
      vertex 1.60000 -24.00000 1.60000
    endloop
  endfacet
  facet normal -1.000000 0.000000 0.000000
    outer loop
      vertex 1.60000 -30.40000 1.60000
      vertex 1.60000 -24.00000 0.00000
      vertex 1.60000 -30.40000 0.00000
    endloop
  endfacet
  facet normal 0.000000 0.000000 1.000000
    outer loop
      vertex 0.00000 -22.60000 0.00000
      vertex 6.40000 -24.00000 0.00000
      vertex 6.40000 -22.60000 0.00000
    endloop
  endfacet
  facet normal 0.000000 0.000000 1.000000
    outer loop
      vertex 6.40000 -24.00000 0.00000
      vertex 8.00000 -22.80000 0.00000
      vertex 6.40000 -22.60000 0.00000
    endloop
  endfacet
  facet normal 0.000000 1.000000 0.000000
    outer loop
      vertex 4.80000 -24.00000 1.60000
      vertex 6.40000 -24.00000 0.00000
      vertex 4.80000 -24.00000 0.00000
    endloop
  endfacet
  facet normal 0.000000 1.000000 0.000000
    outer loop
      vertex 6.40000 -24.00000 0.00000
      vertex 4.80000 -24.00000 1.60000
      vertex 6.40000 -24.00000 1.60000
    endloop
  endfacet
  facet normal 1.000000 0.000000 0.000000
    outer loop
      vertex 6.40000 -30.40000 0.00000
      vertex 6.40000 -24.00000 1.60000
      vertex 6.40000 -30.40000 1.60000
    endloop
  endfacet
  facet normal 1.000000 0.000000 0.000000
    outer loop
      vertex 6.40000 -24.00000 1.60000
      vertex 6.40000 -30.40000 0.00000
      vertex 6.40000 -24.00000 0.00000
    endloop
  endfacet
  facet normal 0.000000 -1.000000 0.000000
    outer loop
      vertex 6.40000 -30.40000 1.60000
      vertex 1.60000 -30.40000 0.00000
      vertex 6.40000 -30.40000 0.00000
    endloop
  endfacet
  facet normal 0.000000 0.000000 1.000000
    outer loop
      vertex 8.00000 -22.80000 0.00000
      vertex 6.40000 -24.00000 0.00000
      vertex 8.00000 -24.00000 0.00000
    endloop
  endfacet
  facet normal 0.000000 0.000000 1.000000
    outer loop
      vertex 1.60000 -30.40000 0.00000
      vertex 8.00000 -32.00000 0.00000
      vertex 6.40000 -30.40000 0.00000
    endloop
  endfacet
  facet normal 0.000000 0.000000 1.000000
    outer loop
      vertex 8.00000 -24.00000 0.00000
      vertex 6.40000 -30.40000 0.00000
      vertex 8.00000 -32.00000 0.00000
    endloop
  endfacet
  facet normal 1.000000 0.000000 0.000000
    outer loop
      vertex 0.00000 -22.40000 1.80000
      vertex 0.00000 -32.00000 0.00000
      vertex 0.00000 -22.60000 0.00000
    endloop
  endfacet
  facet normal 0.000000 0.000000 1.000000
    outer loop
      vertex 1.60000 -24.00000 0.00000
      vertex 0.00000 -32.00000 0.00000
      vertex 1.60000 -30.40000 0.00000
    endloop
  endfacet
  facet normal 0.000000 0.000000 1.000000
    outer loop
      vertex 0.00000 -32.00000 0.00000
      vertex 1.60000 -24.00000 0.00000
      vertex 0.00000 -22.60000 0.00000
    endloop
  endfacet
  facet normal 0.000000 0.000000 1.000000
    outer loop
      vertex 8.00000 -32.00000 0.00000
      vertex 1.60000 -30.40000 0.00000
      vertex 0.00000 -32.00000 0.00000
    endloop
  endfacet
  facet normal 0.000000 1.000000 0.000000
    outer loop
      vertex 8.00000 -32.00000 0.00000
      vertex 0.00000 -32.00000 3.20000
      vertex 8.00000 -32.00000 3.20000
    endloop
  endfacet
  facet normal 1.000000 0.000000 0.000000
    outer loop
      vertex 0.00000 -32.00000 0.00000
      vertex 0.00000 -22.40000 1.80000
      vertex 0.00000 -32.00000 3.20000
    endloop
  endfacet
  facet normal 0.000000 0.000000 -1.000000
    outer loop
      vertex -2.60000 -20.00000 3.20000
      vertex 0.00000 -22.00000 3.20000
      vertex -1.84000 -22.00000 3.20000
    endloop
  endfacet
  facet normal 0.000000 1.000000 0.000000
    outer loop
      vertex -1.84000 -22.00000 1.80000
      vertex 0.00000 -22.00000 3.20000
      vertex 0.00000 -22.00000 1.80000
    endloop
  endfacet
  facet normal 0.000000 1.000000 0.000000
    outer loop
      vertex 0.00000 -22.00000 3.20000
      vertex -1.84000 -22.00000 1.80000
      vertex -1.84000 -22.00000 3.20000
    endloop
  endfacet
  facet normal 1.000000 0.000000 0.000000
    outer loop
      vertex 0.00000 -22.00000 3.20000
      vertex 0.00000 -22.40000 1.80000
      vertex 0.00000 -22.00000 1.80000
    endloop
  endfacet
  facet normal 1.000000 0.000000 0.000000
    outer loop
      vertex 0.00000 -22.40000 1.80000
      vertex 0.00000 -22.00000 3.20000
      vertex 0.00000 -32.00000 3.20000
    endloop
  endfacet
  facet normal 0.000000 0.000000 -1.000000
    outer loop
      vertex 8.00000 -32.00000 3.20000
      vertex 4.00000 -23.40000 3.20000
      vertex 8.00000 -23.40000 3.20000
    endloop
  endfacet
  facet normal 0.000000 0.000000 -1.000000
    outer loop
      vertex 4.00000 -23.40000 3.20000
      vertex 8.00000 -32.00000 3.20000
      vertex 0.00000 -32.00000 3.20000
    endloop
  endfacet
  facet normal 1.000000 0.000000 0.000000
    outer loop
      vertex 4.00000 -23.00000 4.00000
      vertex 4.00000 -20.00000 3.20000
      vertex 4.00000 -21.80000 4.60000
    endloop
  endfacet
  facet normal 1.000000 0.000000 0.000000
    outer loop
      vertex 4.00000 -20.00000 3.20000
      vertex 4.00000 -23.00000 4.00000
      vertex 4.00000 -23.00000 3.60000
    endloop
  endfacet
  facet normal 1.000000 0.000000 0.000000
    outer loop
      vertex 4.00000 -21.80000 4.60000
      vertex 4.00000 -20.00000 3.20000
      vertex 4.00000 -21.24000 5.40000
    endloop
  endfacet
  facet normal 0.000000 0.000000 -1.000000
    outer loop
      vertex 0.00000 -22.00000 3.20000
      vertex -2.60000 -20.00000 3.20000
      vertex 4.00000 -20.00000 3.20000
    endloop
  endfacet
  facet normal 0.000000 0.000000 -1.000000
    outer loop
      vertex 4.00000 -23.40000 3.20000
      vertex 0.00000 -22.00000 3.20000
      vertex 4.00000 -20.00000 3.20000
    endloop
  endfacet
  facet normal 1.000000 0.000000 0.000000
    outer loop
      vertex 4.00000 -20.00000 3.20000
      vertex 4.00000 -21.24000 9.60000
      vertex 4.00000 -21.24000 5.40000
    endloop
  endfacet
  facet normal 0.000000 1.000000 0.000000
    outer loop
      vertex -2.60000 -20.00000 3.20000
      vertex 4.00000 -20.00000 9.60000
      vertex 4.00000 -20.00000 3.20000
    endloop
  endfacet
  facet normal 0.000000 1.000000 0.000000
    outer loop
      vertex 4.00000 -21.24000 5.40000
      vertex 8.00000 -21.24000 9.60000
      vertex 8.00000 -21.24000 5.40000
    endloop
  endfacet
  facet normal 0.000000 1.000000 0.000000
    outer loop
      vertex 8.00000 -21.24000 9.60000
      vertex 4.00000 -21.24000 5.40000
      vertex 4.00000 -21.24000 9.60000
    endloop
  endfacet
  facet normal 0.000000 0.000000 -1.000000
    outer loop
      vertex 4.00000 -20.00000 9.60000
      vertex 8.00000 -21.24000 9.60000
      vertex 4.00000 -21.24000 9.60000
    endloop
  endfacet
  facet normal 0.000000 0.000000 -1.000000
    outer loop
      vertex -2.60000 -20.00000 9.60000
      vertex 8.00000 -18.76000 9.60000
      vertex 4.00000 -20.00000 9.60000
    endloop
  endfacet
  facet normal 0.000000 -1.000000 0.000000
    outer loop
      vertex 8.00000 -18.76000 9.60000
      vertex 4.00000 -18.76000 5.40000
      vertex 8.00000 -18.76000 5.40000
    endloop
  endfacet
  facet normal -1.000000 0.000000 0.000000
    outer loop
      vertex 4.00000 -18.76000 5.40000
      vertex 4.00000 -17.00000 4.00000
      vertex 4.00000 -18.20000 4.60000
    endloop
  endfacet
  facet normal 0.000000 -0.819232 -0.573462
    outer loop
      vertex 8.00000 -18.76000 5.40000
      vertex 4.00000 -18.76000 5.40000
      vertex 4.00000 -18.20000 4.60000
    endloop
  endfacet
  facet normal 0.000000 -0.819232 -0.573462
    outer loop
      vertex 4.00000 -18.20000 4.60000
      vertex 8.00000 -18.20000 4.60000
      vertex 8.00000 -18.76000 5.40000
    endloop
  endfacet
  facet normal 0.194736 0.000000 -0.980856
    outer loop
      vertex -2.98280 -19.92360 9.52400
      vertex -2.60000 -18.76000 9.60000
      vertex -2.60000 -20.00000 9.60000
    endloop
  endfacet
  facet normal 0.555646 0.000000 -0.831419
    outer loop
      vertex -2.98280 -18.76000 9.52400
      vertex -3.30720 -19.85840 9.30720
      vertex -3.30720 -18.76000 9.30720
    endloop
  endfacet
  facet normal 0.196759 0.980452 0.000447
    outer loop
      vertex -2.98280 -19.92360 9.52400
      vertex -2.60000 -20.00000 8.60000
      vertex -3.30720 -19.85840 9.30720
    endloop
  endfacet
  facet normal 0.195722 0.980659 0.000000
    outer loop
      vertex -2.60000 -20.00000 8.60000
      vertex -2.98280 -19.92360 9.52400
      vertex -2.60000 -20.00000 9.60000
    endloop
  endfacet
  facet normal 0.000000 1.000000 0.000000
    outer loop
      vertex 4.00000 -20.00000 9.60000
      vertex -2.60000 -20.00000 8.60000
      vertex -2.60000 -20.00000 9.60000
    endloop
  endfacet
  facet normal 0.000000 1.000000 0.000000
    outer loop
      vertex 4.00000 -20.00000 9.60000
      vertex -2.60000 -20.00000 3.20000
      vertex -2.60000 -20.00000 8.60000
    endloop
  endfacet
  facet normal 0.195126 0.980778 0.000204
    outer loop
      vertex -3.30720 -19.85840 9.30720
      vertex -3.60000 -19.80000 8.60000
      vertex -3.52400 -19.81520 8.98280
    endloop
  endfacet
  facet normal 0.980856 0.000000 -0.194736
    outer loop
      vertex -3.60000 -19.80000 8.60000
      vertex -3.52400 -18.76000 8.98280
      vertex -3.52400 -19.81520 8.98280
    endloop
  endfacet
  facet normal 0.831419 0.000000 -0.555646
    outer loop
      vertex -3.30720 -18.76000 9.30720
      vertex -3.52400 -19.81520 8.98280
      vertex -3.52400 -18.76000 8.98280
    endloop
  endfacet
  facet normal 0.000000 -1.000000 0.000000
    outer loop
      vertex -2.60000 -18.76000 8.60000
      vertex -3.59140 -18.76000 8.73050
      vertex -3.60000 -18.76000 8.60000
    endloop
  endfacet
  facet normal 0.000000 -1.000000 0.000000
    outer loop
      vertex -3.60000 -18.76000 8.60000
      vertex 4.00000 -18.76000 7.60000
      vertex -2.60000 -18.76000 8.60000
    endloop
  endfacet
  facet normal 0.000000 -1.000000 0.000000
    outer loop
      vertex -2.60000 -18.76000 9.60000
      vertex 4.00000 -18.76000 7.60000
      vertex 8.00000 -18.76000 9.60000
    endloop
  endfacet
  facet normal 0.000000 -1.000000 0.000000
    outer loop
      vertex 4.00000 -18.76000 7.60000
      vertex -2.60000 -18.76000 9.60000
      vertex -2.60000 -18.76000 8.60000
    endloop
  endfacet
  facet normal 0.000000 -1.000000 0.000000
    outer loop
      vertex 4.00000 -18.76000 5.40000
      vertex 8.00000 -18.76000 9.60000
      vertex 4.00000 -18.76000 7.60000
    endloop
  endfacet
  facet normal -1.000000 0.000000 0.000000
    outer loop
      vertex 4.00000 -17.00000 4.00000
      vertex 4.00000 -18.76000 5.40000
      vertex 4.00000 -18.76000 7.60000
    endloop
  endfacet
  facet normal 0.980763 -0.195023 -0.008330
    outer loop
      vertex -3.60000 -18.76000 7.60000
      vertex -3.58490 -18.53030 4.00000
      vertex -3.54000 -18.30450 4.00000
    endloop
  endfacet
  facet normal 0.946817 -0.320815 -0.024812
    outer loop
      vertex -3.60000 -18.76000 7.60000
      vertex -3.54000 -18.30450 4.00000
      vertex -3.46610 -18.08640 4.00000
    endloop
  endfacet
  facet normal 0.895579 -0.442149 -0.049420
    outer loop
      vertex -3.60000 -18.76000 7.60000
      vertex -3.46610 -18.08640 4.00000
      vertex -3.36420 -17.88000 4.00000
    endloop
  endfacet
  facet normal 0.829054 -0.553280 -0.080943
    outer loop
      vertex -3.60000 -18.76000 7.60000
      vertex -3.36420 -17.88000 4.00000
      vertex -3.23640 -17.68850 4.00000
    endloop
  endfacet
  facet normal 0.746050 -0.655058 -0.119620
    outer loop
      vertex -3.60000 -18.76000 7.60000
      vertex -3.23640 -17.68850 4.00000
      vertex -3.08450 -17.51550 4.00000
    endloop
  endfacet
  facet normal 0.650963 -0.741386 -0.163079
    outer loop
      vertex -3.60000 -18.76000 7.60000
      vertex -3.08450 -17.51550 4.00000
      vertex -2.91150 -17.36360 4.00000
    endloop
  endfacet
  facet normal 0.542534 -0.812953 -0.211576
    outer loop
      vertex -3.60000 -18.76000 7.60000
      vertex -2.91150 -17.36360 4.00000
      vertex -2.72000 -17.23580 4.00000
    endloop
  endfacet
  facet normal 0.427232 -0.865364 -0.261951
    outer loop
      vertex -3.60000 -18.76000 7.60000
      vertex -2.72000 -17.23580 4.00000
      vertex -2.51360 -17.13390 4.00000
    endloop
  endfacet
  facet normal 0.304662 -0.899144 -0.314198
    outer loop
      vertex -3.60000 -18.76000 7.60000
      vertex -2.51360 -17.13390 4.00000
      vertex -2.29550 -17.06000 4.00000
    endloop
  endfacet
  facet normal 0.181548 -0.912995 -0.365351
    outer loop
      vertex -3.60000 -18.76000 7.60000
      vertex -2.29550 -17.06000 4.00000
      vertex -2.06970 -17.01510 4.00000
    endloop
  endfacet
  facet normal 1.000000 0.000000 0.000000
    outer loop
      vertex -3.60000 -19.80000 8.60000
      vertex -3.60000 -18.76000 7.60000
      vertex -3.60000 -18.76000 8.60000
    endloop
  endfacet
  facet normal 1.000000 0.000000 0.000000
    outer loop
      vertex -3.60000 -19.80000 8.60000
      vertex -3.60000 -18.76000 4.00000
      vertex -3.60000 -18.76000 7.60000
    endloop
  endfacet
  facet normal 0.000000 0.000000 -1.000000
    outer loop
      vertex -1.84000 -22.00000 3.20000
      vertex -3.60000 -19.80000 3.20000
      vertex -2.60000 -20.00000 3.20000
    endloop
  endfacet
  facet normal 0.000000 0.000000 -1.000000
    outer loop
      vertex -3.60000 -19.80000 3.20000
      vertex -1.84000 -22.00000 3.20000
      vertex -3.60000 -20.24000 3.20000
    endloop
  endfacet
  facet normal 0.196116 0.980581 0.000000
    outer loop
      vertex -2.60000 -20.00000 8.60000
      vertex -3.60000 -19.80000 3.20000
      vertex -3.60000 -19.80000 8.60000
    endloop
  endfacet
  facet normal 0.196116 0.980581 0.000000
    outer loop
      vertex -3.60000 -19.80000 3.20000
      vertex -2.60000 -20.00000 8.60000
      vertex -2.60000 -20.00000 3.20000
    endloop
  endfacet
  facet normal 1.000000 0.000000 0.000000
    outer loop
      vertex -3.60000 -18.76000 4.00000
      vertex -3.60000 -19.80000 8.60000
      vertex -3.60000 -19.80000 3.20000
    endloop
  endfacet
  facet normal 0.997846 -0.065596 0.000000
    outer loop
      vertex -3.58490 -18.53030 4.00000
      vertex -3.60000 -18.76000 4.00000
      vertex -3.60000 -18.76000 1.80000
    endloop
  endfacet
  facet normal 0.997846 -0.065596 0.000000
    outer loop
      vertex -3.60000 -18.76000 1.80000
      vertex -3.58490 -18.53030 1.80000
      vertex -3.58490 -18.53030 4.00000
    endloop
  endfacet
  facet normal 0.997846 0.065596 0.000000
    outer loop
      vertex -3.58490 -20.46970 1.80000
      vertex -3.60000 -20.24000 1.80000
      vertex -3.60000 -20.24000 3.20000
    endloop
  endfacet
  facet normal 1.000000 0.000000 0.000000
    outer loop
      vertex -3.60000 -20.24000 1.80000
      vertex -3.60000 -19.80000 3.20000
      vertex -3.60000 -20.24000 3.20000
    endloop
  endfacet
  facet normal 1.000000 0.000000 0.000000
    outer loop
      vertex -3.60000 -19.80000 3.20000
      vertex -3.60000 -20.24000 1.80000
      vertex -3.60000 -18.76000 1.80000
    endloop
  endfacet
  facet normal 0.000000 0.000000 1.000000
    outer loop
      vertex -1.84000 -20.24000 1.80000
      vertex -3.60000 -20.24000 1.80000
      vertex -3.58490 -20.46970 1.80000
    endloop
  endfacet
  facet normal 0.000000 0.000000 1.000000
    outer loop
      vertex -1.84000 -18.76000 1.80000
      vertex -3.60000 -20.24000 1.80000
      vertex -1.84000 -20.24000 1.80000
    endloop
  endfacet
  facet normal 0.000000 0.000000 1.000000
    outer loop
      vertex -1.84000 -18.76000 1.80000
      vertex -3.58490 -18.53030 1.80000
      vertex -3.60000 -18.76000 1.80000
    endloop
  endfacet
  facet normal 0.000000 0.000000 1.000000
    outer loop
      vertex -1.84000 -18.76000 1.80000
      vertex -3.54000 -18.30450 1.80000
      vertex -3.58490 -18.53030 1.80000
    endloop
  endfacet
  facet normal 0.000000 0.000000 1.000000
    outer loop
      vertex -1.84000 -18.76000 1.80000
      vertex -3.46610 -18.08640 1.80000
      vertex -3.54000 -18.30450 1.80000
    endloop
  endfacet
  facet normal 0.000000 0.000000 1.000000
    outer loop
      vertex -1.84000 -18.76000 1.80000
      vertex -3.36420 -17.88000 1.80000
      vertex -3.46610 -18.08640 1.80000
    endloop
  endfacet
  facet normal 0.000000 0.000000 1.000000
    outer loop
      vertex -1.84000 -18.76000 1.80000
      vertex -3.23640 -17.68850 1.80000
      vertex -3.36420 -17.88000 1.80000
    endloop
  endfacet
  facet normal 0.000000 0.000000 1.000000
    outer loop
      vertex -1.84000 -18.76000 1.80000
      vertex -3.08450 -17.51550 1.80000
      vertex -3.23640 -17.68850 1.80000
    endloop
  endfacet
  facet normal 0.000000 0.000000 1.000000
    outer loop
      vertex -1.84000 -18.76000 1.80000
      vertex -2.91150 -17.36360 1.80000
      vertex -3.08450 -17.51550 1.80000
    endloop
  endfacet
  facet normal 0.000000 0.000000 1.000000
    outer loop
      vertex -1.84000 -18.76000 1.80000
      vertex -2.72000 -17.23580 1.80000
      vertex -2.91150 -17.36360 1.80000
    endloop
  endfacet
  facet normal 0.000000 0.000000 1.000000
    outer loop
      vertex -1.84000 -18.76000 1.80000
      vertex -2.51360 -17.13390 1.80000
      vertex -2.72000 -17.23580 1.80000
    endloop
  endfacet
  facet normal 0.000000 0.000000 1.000000
    outer loop
      vertex -1.84000 -18.76000 1.80000
      vertex -2.29550 -17.06000 1.80000
      vertex -2.51360 -17.13390 1.80000
    endloop
  endfacet
  facet normal 0.000000 0.000000 1.000000
    outer loop
      vertex -1.84000 -18.76000 1.80000
      vertex -2.06970 -17.01510 1.80000
      vertex -2.29550 -17.06000 1.80000
    endloop
  endfacet
  facet normal 0.000000 0.000000 1.000000
    outer loop
      vertex -1.84000 -18.76000 1.80000
      vertex -1.84000 -17.00000 1.80000
      vertex -2.06970 -17.01510 1.80000
    endloop
  endfacet
  facet normal 0.000000 0.000000 1.000000
    outer loop
      vertex 6.40000 -17.00000 1.80000
      vertex -1.84000 -18.76000 1.80000
      vertex -1.84000 -20.24000 1.80000
    endloop
  endfacet
  facet normal 0.000000 0.000000 1.000000
    outer loop
      vertex -1.84000 -18.76000 1.80000
      vertex 6.40000 -17.00000 1.80000
      vertex 0.00000 -17.00000 1.80000
    endloop
  endfacet
  facet normal 0.000000 0.993884 0.110432
    outer loop
      vertex 6.40000 -16.80000 0.00000
      vertex 0.00000 -17.00000 1.80000
      vertex 6.40000 -17.00000 1.80000
    endloop
  endfacet
  facet normal 0.000000 0.993884 0.110432
    outer loop
      vertex 0.00000 -17.00000 1.80000
      vertex 6.40000 -16.80000 0.00000
      vertex 0.00000 -16.80000 0.00000
    endloop
  endfacet
  facet normal 0.000000 -0.898384 -0.439210
    outer loop
      vertex 4.00000 -18.76000 7.60000
      vertex -1.84000 -17.00000 4.00000
      vertex 4.00000 -17.00000 4.00000
    endloop
  endfacet
  facet normal 0.000000 -0.898384 -0.439210
    outer loop
      vertex -1.84000 -17.00000 4.00000
      vertex 4.00000 -18.76000 7.60000
      vertex -3.60000 -18.76000 7.60000
    endloop
  endfacet
  facet normal 0.059689 -0.907988 -0.414724
    outer loop
      vertex -3.60000 -18.76000 7.60000
      vertex -2.06970 -17.01510 4.00000
      vertex -1.84000 -17.00000 4.00000
    endloop
  endfacet
  facet normal 0.065596 -0.997846 0.000000
    outer loop
      vertex -1.84000 -17.00000 4.00000
      vertex -2.06970 -17.01510 4.00000
      vertex -2.06970 -17.01510 1.80000
    endloop
  endfacet
  facet normal 0.065596 -0.997846 0.000000
    outer loop
      vertex -2.06970 -17.01510 1.80000
      vertex -1.84000 -17.00000 1.80000
      vertex -1.84000 -17.00000 4.00000
    endloop
  endfacet
  facet normal 0.000000 -1.000000 0.000000
    outer loop
      vertex 0.00000 -17.00000 1.80000
      vertex -1.84000 -17.00000 4.00000
      vertex -1.84000 -17.00000 1.80000
    endloop
  endfacet
  facet normal 0.000000 -1.000000 0.000000
    outer loop
      vertex -1.84000 -17.00000 4.00000
      vertex 0.00000 -17.00000 3.60000
      vertex 4.00000 -17.00000 4.00000
    endloop
  endfacet
  facet normal 0.000000 -0.447214 -0.894427
    outer loop
      vertex 4.00000 -18.20000 4.60000
      vertex 4.00000 -17.00000 4.00000
      vertex 8.00000 -17.00000 4.00000
    endloop
  endfacet
  facet normal 0.000000 -0.447214 -0.894427
    outer loop
      vertex 8.00000 -17.00000 4.00000
      vertex 8.00000 -18.20000 4.60000
      vertex 4.00000 -18.20000 4.60000
    endloop
  endfacet
  facet normal 0.000000 -1.000000 0.000000
    outer loop
      vertex 0.00000 -17.00000 3.60000
      vertex 8.00000 -17.00000 4.00000
      vertex 4.00000 -17.00000 4.00000
    endloop
  endfacet
  facet normal 1.000000 0.000000 0.000000
    outer loop
      vertex 0.00000 -16.60000 3.20000
      vertex 0.00000 -17.00000 1.80000
      vertex 0.00000 -16.80000 0.00000
    endloop
  endfacet
  facet normal 1.000000 0.000000 0.000000
    outer loop
      vertex 0.00000 -17.00000 1.80000
      vertex 0.00000 -16.60000 3.20000
      vertex 0.00000 -17.00000 3.60000
    endloop
  endfacet
  facet normal 0.000000 -0.707107 -0.707107
    outer loop
      vertex 0.00000 -16.60000 3.20000
      vertex 8.00000 -17.00000 3.60000
      vertex 0.00000 -17.00000 3.60000
    endloop
  endfacet
  facet normal 0.000000 -0.707107 -0.707107
    outer loop
      vertex 8.00000 -17.00000 3.60000
      vertex 0.00000 -16.60000 3.20000
      vertex 8.00000 -16.60000 3.20000
    endloop
  endfacet
  facet normal 1.000000 0.000000 0.000000
    outer loop
      vertex 0.00000 -12.00000 0.00000
      vertex 0.00000 -16.60000 3.20000
      vertex 0.00000 -16.80000 0.00000
    endloop
  endfacet
  facet normal 1.000000 0.000000 0.000000
    outer loop
      vertex 0.00000 -16.60000 3.20000
      vertex 0.00000 -12.00000 0.00000
      vertex 0.00000 -12.00000 3.20000
    endloop
  endfacet
  facet normal 0.000000 0.000000 -1.000000
    outer loop
      vertex 8.00000 -16.00000 3.20000
      vertex 0.00000 -16.60000 3.20000
      vertex 0.00000 -12.00000 3.20000
    endloop
  endfacet
  facet normal 0.000000 0.000000 -1.000000
    outer loop
      vertex 0.00000 -10.00000 3.20000
      vertex 8.00000 -16.00000 3.20000
      vertex 0.00000 -12.00000 3.20000
    endloop
  endfacet
  facet normal -1.000000 0.000000 0.000000
    outer loop
      vertex 8.00000 16.00000 0.00000
      vertex 8.00000 -16.00000 0.00000
      vertex 8.00000 -16.00000 3.20000
    endloop
  endfacet
  facet normal 0.000000 0.000000 -1.000000
    outer loop
      vertex 8.00000 -16.00000 3.20000
      vertex 0.00000 -10.00000 3.20000
      vertex 2.00000 -10.00000 3.20000
    endloop
  endfacet
  facet normal 0.000000 0.000000 -1.000000
    outer loop
      vertex 2.00000 -10.00000 3.20000
      vertex 1.98280 -8.26100 3.20000
      vertex 2.00000 -8.00000 3.20000
    endloop
  endfacet
  facet normal 0.000000 0.000000 -1.000000
    outer loop
      vertex 2.00000 -10.00000 3.20000
      vertex 1.93180 -8.51760 3.20000
      vertex 1.98280 -8.26100 3.20000
    endloop
  endfacet
  facet normal 0.000000 0.000000 -1.000000
    outer loop
      vertex 2.00000 -10.00000 3.20000
      vertex 1.84780 -8.76540 3.20000
      vertex 1.93180 -8.51760 3.20000
    endloop
  endfacet
  facet normal 0.000000 0.000000 -1.000000
    outer loop
      vertex 2.00000 -10.00000 3.20000
      vertex 1.73200 -9.00000 3.20000
      vertex 1.84780 -8.76540 3.20000
    endloop
  endfacet
  facet normal 0.000000 0.000000 -1.000000
    outer loop
      vertex 2.00000 -10.00000 3.20000
      vertex 1.58680 -9.21760 3.20000
      vertex 1.73200 -9.00000 3.20000
    endloop
  endfacet
  facet normal 0.000000 0.000000 -1.000000
    outer loop
      vertex 2.00000 -10.00000 3.20000
      vertex 1.41420 -9.41420 3.20000
      vertex 1.58680 -9.21760 3.20000
    endloop
  endfacet
  facet normal 0.000000 0.000000 -1.000000
    outer loop
      vertex 2.00000 -10.00000 3.20000
      vertex 1.21760 -9.58680 3.20000
      vertex 1.41420 -9.41420 3.20000
    endloop
  endfacet
  facet normal 0.000000 0.000000 -1.000000
    outer loop
      vertex 2.00000 -10.00000 3.20000
      vertex 1.00000 -9.73200 3.20000
      vertex 1.21760 -9.58680 3.20000
    endloop
  endfacet
  facet normal 0.000000 0.000000 -1.000000
    outer loop
      vertex 2.00000 -10.00000 3.20000
      vertex 0.76540 -9.84780 3.20000
      vertex 1.00000 -9.73200 3.20000
    endloop
  endfacet
  facet normal 0.000000 0.000000 -1.000000
    outer loop
      vertex 2.00000 -10.00000 3.20000
      vertex 0.51760 -9.93180 3.20000
      vertex 0.76540 -9.84780 3.20000
    endloop
  endfacet
  facet normal 0.000000 0.000000 -1.000000
    outer loop
      vertex 2.00000 -10.00000 3.20000
      vertex 0.26100 -9.98280 3.20000
      vertex 0.51760 -9.93180 3.20000
    endloop
  endfacet
  facet normal 0.000000 0.000000 -1.000000
    outer loop
      vertex 2.00000 -10.00000 3.20000
      vertex 0.00000 -10.00000 3.20000
      vertex 0.26100 -9.98280 3.20000
    endloop
  endfacet
  facet normal 0.000000 0.000000 -1.000000
    outer loop
      vertex 8.00000 16.00000 3.20000
      vertex 2.00000 -10.00000 3.20000
      vertex 2.00000 -6.00000 3.20000
    endloop
  endfacet
  facet normal 0.000000 0.000000 -1.000000
    outer loop
      vertex 1.60000 5.60000 3.20000
      vertex 8.00000 16.00000 3.20000
      vertex 2.00000 -6.00000 3.20000
    endloop
  endfacet
  facet normal 0.000000 0.000000 -1.000000
    outer loop
      vertex 8.00000 16.00000 3.20000
      vertex 1.60000 5.60000 3.20000
      vertex 2.82880 8.00000 3.20000
    endloop
  endfacet
  facet normal 0.000000 0.000000 -1.000000
    outer loop
      vertex 2.82880 8.00000 3.20000
      vertex 4.00000 16.00000 3.20000
      vertex 8.00000 16.00000 3.20000
    endloop
  endfacet
  facet normal -1.000000 0.000000 0.000000
    outer loop
      vertex 8.00000 -16.00000 3.20000
      vertex 8.00000 16.00000 3.20000
      vertex 8.00000 16.00000 0.00000
    endloop
  endfacet
  facet normal 0.000000 0.000000 -1.000000
    outer loop
      vertex 4.00000 16.60000 3.20000
      vertex 8.00000 16.00000 3.20000
      vertex 4.00000 16.00000 3.20000
    endloop
  endfacet
  facet normal 0.000000 0.707107 -0.707107
    outer loop
      vertex 8.00000 16.60000 3.20000
      vertex 4.00000 16.60000 3.20000
      vertex 4.00000 17.00000 3.60000
    endloop
  endfacet
  facet normal 1.000000 0.000000 0.000000
    outer loop
      vertex 4.00000 17.00000 3.60000
      vertex 4.00000 17.60000 3.20000
      vertex 4.00000 17.00000 4.00000
    endloop
  endfacet
  facet normal 1.000000 0.000000 0.000000
    outer loop
      vertex 4.00000 20.00000 3.20000
      vertex 4.00000 17.00000 4.00000
      vertex 4.00000 17.60000 3.20000
    endloop
  endfacet
  facet normal 1.000000 0.000000 0.000000
    outer loop
      vertex 4.00000 16.60000 3.20000
      vertex 4.00000 17.60000 3.20000
      vertex 4.00000 17.00000 3.60000
    endloop
  endfacet
  facet normal 1.000000 0.000000 0.000000
    outer loop
      vertex 4.00000 17.51280 1.80000
      vertex 4.00000 16.00000 3.20000
      vertex 4.00000 16.00000 1.80000
    endloop
  endfacet
  facet normal 1.000000 0.000000 0.000000
    outer loop
      vertex 4.00000 16.00000 3.20000
      vertex 4.00000 17.51280 1.80000
      vertex 4.00000 16.60000 3.20000
    endloop
  endfacet
  facet normal 0.000000 0.000000 -1.000000
    outer loop
      vertex 4.00000 17.51280 1.80000
      vertex 4.00000 16.00000 1.80000
      vertex 0.00000 16.00000 1.80000
    endloop
  endfacet
  facet normal 1.000000 0.000000 0.000000
    outer loop
      vertex 0.00000 17.51280 1.80000
      vertex 0.00000 12.00000 0.00000
      vertex 0.00000 17.40000 0.00000
    endloop
  endfacet
  facet normal 1.000000 0.000000 0.000000
    outer loop
      vertex 0.00000 12.00000 0.00000
      vertex 0.00000 17.51280 1.80000
      vertex 0.00000 16.00000 1.80000
    endloop
  endfacet
  facet normal 0.000000 0.000000 -1.000000
    outer loop
      vertex 0.00000 16.00000 1.80000
      vertex 0.00000 17.51280 1.80000
      vertex 4.00000 17.51280 1.80000
    endloop
  endfacet
  facet normal 0.000000 -0.998042 0.062544
    outer loop
      vertex 6.40000 17.40000 0.00000
      vertex 0.00000 17.51280 1.80000
      vertex 0.00000 17.40000 0.00000
    endloop
  endfacet
  facet normal 0.000000 -0.998053 0.062378
    outer loop
      vertex 4.00000 17.60000 3.20000
      vertex 6.40000 17.40000 0.00000
      vertex 6.40000 17.60000 3.20000
    endloop
  endfacet
  facet normal -0.000285 -0.998066 0.062165
    outer loop
      vertex 6.40000 17.40000 0.00000
      vertex 4.00000 17.60000 3.20000
      vertex 4.00000 17.51280 1.80000
    endloop
  endfacet
  facet normal 0.000000 0.000000 1.000000
    outer loop
      vertex 0.00000 17.40000 0.00000
      vertex 6.40000 15.60000 0.00000
      vertex 6.40000 17.40000 0.00000
    endloop
  endfacet
  facet normal 0.000000 0.000000 1.000000
    outer loop
      vertex 6.40000 15.60000 0.00000
      vertex 8.00000 17.20000 0.00000
      vertex 6.40000 17.40000 0.00000
    endloop
  endfacet
  facet normal 0.000000 0.000000 1.000000
    outer loop
      vertex 8.00000 22.80000 0.00000
      vertex 6.40000 17.40000 0.00000
      vertex 8.00000 17.20000 0.00000
    endloop
  endfacet
  facet normal 0.000000 0.000000 1.000000
    outer loop
      vertex 6.40000 17.40000 0.00000
      vertex 8.00000 22.80000 0.00000
      vertex 6.40000 22.80000 0.00000
    endloop
  endfacet
  facet normal 0.000000 0.000000 1.000000
    outer loop
      vertex 8.00000 24.00000 0.00000
      vertex 6.40000 22.80000 0.00000
      vertex 8.00000 22.80000 0.00000
    endloop
  endfacet
  facet normal 0.000000 0.000000 1.000000
    outer loop
      vertex 4.00000 20.00000 3.20000
      vertex 6.40000 22.60000 3.20000
      vertex 0.00000 22.60000 3.20000
    endloop
  endfacet
  facet normal 0.000000 0.000000 1.000000
    outer loop
      vertex 4.00000 17.60000 3.20000
      vertex 6.40000 22.60000 3.20000
      vertex 4.00000 20.00000 3.20000
    endloop
  endfacet
  facet normal 0.000000 0.000000 1.000000
    outer loop
      vertex 6.40000 22.60000 3.20000
      vertex 4.00000 17.60000 3.20000
      vertex 6.40000 17.60000 3.20000
    endloop
  endfacet
  facet normal 1.000000 0.000000 0.000000
    outer loop
      vertex 6.40000 17.60000 3.20000
      vertex 6.40000 22.80000 0.00000
      vertex 6.40000 22.60000 3.20000
    endloop
  endfacet
  facet normal 0.000000 0.998053 0.062378
    outer loop
      vertex 0.00000 22.80000 0.00000
      vertex 0.00000 22.60000 3.20000
      vertex 6.40000 22.60000 3.20000
    endloop
  endfacet
  facet normal 1.000000 0.000000 0.000000
    outer loop
      vertex 0.00000 22.60000 3.20000
      vertex 0.00000 22.80000 0.00000
      vertex 0.00000 23.00000 3.20000
    endloop
  endfacet
  facet normal 1.000000 0.000000 0.000000
    outer loop
      vertex 0.00000 23.00000 3.20000
      vertex 0.00000 22.80000 0.00000
      vertex 0.00000 23.40000 3.20000
    endloop
  endfacet
  facet normal 1.000000 0.000000 0.000000
    outer loop
      vertex 0.00000 32.00000 0.00000
      vertex 0.00000 23.40000 3.20000
      vertex 0.00000 22.80000 0.00000
    endloop
  endfacet
  facet normal 0.000000 0.000000 1.000000
    outer loop
      vertex 6.40000 30.40000 0.00000
      vertex 0.00000 32.00000 0.00000
      vertex 1.60000 30.40000 0.00000
    endloop
  endfacet
  facet normal 0.000000 0.000000 1.000000
    outer loop
      vertex 0.00000 22.80000 0.00000
      vertex 1.60000 30.40000 0.00000
      vertex 0.00000 32.00000 0.00000
    endloop
  endfacet
  facet normal 0.000000 0.000000 1.000000
    outer loop
      vertex 6.40000 22.80000 0.00000
      vertex 1.60000 24.00000 0.00000
      vertex 0.00000 22.80000 0.00000
    endloop
  endfacet
  facet normal -1.000000 0.000000 0.000000
    outer loop
      vertex 1.60000 24.00000 1.60000
      vertex 1.60000 30.40000 0.00000
      vertex 1.60000 24.00000 0.00000
    endloop
  endfacet
  facet normal 1.000000 0.000000 0.000000
    outer loop
      vertex 3.20000 25.60000 1.60000
      vertex 3.20000 24.00000 0.00000
      vertex 3.20000 25.60000 0.00000
    endloop
  endfacet
  facet normal 0.000000 -1.000000 0.000000
    outer loop
      vertex 3.20000 24.00000 1.60000
      vertex 1.60000 24.00000 0.00000
      vertex 3.20000 24.00000 0.00000
    endloop
  endfacet
  facet normal 0.000000 0.000000 1.000000
    outer loop
      vertex 3.20000 25.60000 0.00000
      vertex 4.80000 24.00000 0.00000
      vertex 4.80000 25.60000 0.00000
    endloop
  endfacet
  facet normal -1.000000 0.000000 0.000000
    outer loop
      vertex 4.80000 24.00000 1.60000
      vertex 4.80000 25.60000 0.00000
      vertex 4.80000 24.00000 0.00000
    endloop
  endfacet
  facet normal 0.000000 0.000000 1.000000
    outer loop
      vertex 6.40000 22.80000 0.00000
      vertex 8.00000 24.00000 0.00000
      vertex 6.40000 24.00000 0.00000
    endloop
  endfacet
  facet normal 0.000000 0.000000 1.000000
    outer loop
      vertex 6.40000 24.00000 0.00000
      vertex 8.00000 32.00000 0.00000
      vertex 6.40000 30.40000 0.00000
    endloop
  endfacet
  facet normal 0.000000 0.000000 1.000000
    outer loop
      vertex 8.00000 32.00000 0.00000
      vertex 6.40000 24.00000 0.00000
      vertex 8.00000 24.00000 0.00000
    endloop
  endfacet
  facet normal 0.000000 0.000000 1.000000
    outer loop
      vertex 1.60000 24.00000 0.00000
      vertex 6.40000 22.80000 0.00000
      vertex 6.40000 24.00000 0.00000
    endloop
  endfacet
  facet normal 0.000000 -1.000000 0.000000
    outer loop
      vertex 4.80000 24.00000 0.00000
      vertex 6.40000 24.00000 1.60000
      vertex 4.80000 24.00000 1.60000
    endloop
  endfacet
  facet normal 1.000000 0.000000 0.000000
    outer loop
      vertex 6.40000 24.00000 0.00000
      vertex 6.40000 30.40000 1.60000
      vertex 6.40000 24.00000 1.60000
    endloop
  endfacet
  facet normal 1.000000 0.000000 0.000000
    outer loop
      vertex 6.40000 30.40000 1.60000
      vertex 6.40000 24.00000 0.00000
      vertex 6.40000 30.40000 0.00000
    endloop
  endfacet
  facet normal -1.000000 0.000000 0.000000
    outer loop
      vertex 1.60000 30.40000 0.00000
      vertex 1.60000 24.00000 1.60000
      vertex 1.60000 30.40000 1.60000
    endloop
  endfacet
  facet normal 0.000000 1.000000 0.000000
    outer loop
      vertex 6.40000 30.40000 0.00000
      vertex 1.60000 30.40000 1.60000
      vertex 6.40000 30.40000 1.60000
    endloop
  endfacet
  facet normal 0.000000 1.000000 0.000000
    outer loop
      vertex 1.60000 30.40000 1.60000
      vertex 6.40000 30.40000 0.00000
      vertex 1.60000 30.40000 0.00000
    endloop
  endfacet
  facet normal 0.000000 0.000000 1.000000
    outer loop
      vertex 6.40000 24.00000 1.60000
      vertex 1.60000 30.40000 1.60000
      vertex 1.60000 24.00000 1.60000
    endloop
  endfacet
endsolid ldraw_53401_exact_end
